<?xml version = '1.0' encoding = 'UTF-8'?>
<Diagram class="oracle.dbtools.crest.swingui.relational.DPVRelational" name="Relational_1" id="00FE9F72-2355-C9B8-CAF2-857682FA5F8B">
<createdBy>dani</createdBy>
<modifiedBy>dani</modifiedBy>
<createdTime>2024-09-24 12:36:49 UTC</createdTime>
<autoRoute>false</autoRoute>
<boxInbox>true</boxInbox>
<showLegend>false</showLegend>
<showLabels>false</showLabels>
<showRelAttributes>false</showRelAttributes>
<gridEnabled>false</gridEnabled>
<showGrid>false</showGrid>
<diagramColor>-1</diagramColor>
<display>false</display>
<notation>1</notation>
<objectViews>
<OView class="oracle.dbtools.crest.swingui.relational.TVTable" oid="29A00893-8516-49B9-FA60-649457292016" otype="Table" vid="576E3380-A394-DEB8-C8D3-7942ECD9D1DE">
<hideElementsInCurrentOnly>false</hideElementsInCurrentOnly>
<bounds x="476" y="356" width="217" height="115"/>
</OView>
<OView class="oracle.dbtools.crest.swingui.relational.TVTable" oid="38551AB8-BB1B-047E-3428-372C9502F6BB" otype="Table" vid="14D9099D-EFF2-E39A-458D-3763B5EF8426">
<hideElementsInCurrentOnly>false</hideElementsInCurrentOnly>
<bounds x="514" y="100" width="236" height="154"/>
</OView>
<OView class="oracle.dbtools.crest.swingui.relational.TVTable" oid="A3074872-A402-1066-5F00-F5632F805728" otype="Table" vid="5DDE721D-3329-B051-ED44-F046ADB9934E">
<hideElementsInCurrentOnly>false</hideElementsInCurrentOnly>
<bounds x="1006" y="186" width="273" height="190"/>
</OView>
<OView class="oracle.dbtools.crest.swingui.relational.TVTable" oid="BA1D9E77-A65D-C0F3-D2B5-6114E2232B6F" otype="Table" vid="E0AA62CB-00F8-CA6B-6174-97F443FA531F">
<hideElementsInCurrentOnly>false</hideElementsInCurrentOnly>
<bounds x="128" y="151" width="229" height="122"/>
</OView>
<OView class="oracle.dbtools.crest.swingui.relational.TVTable" oid="BAB287DE-69FC-D57A-A7AF-20B0D2D9CE2C" otype="Table" vid="99587417-EC4E-AF77-F5F2-0FB82B513726">
<hideElementsInCurrentOnly>false</hideElementsInCurrentOnly>
<bounds x="857" y="582" width="277" height="174"/>
</OView>
<OView class="oracle.dbtools.crest.swingui.relational.TVTable" oid="DFF8AC81-8E56-29F6-E8C4-4223F9A827AC" otype="Table" vid="2D107483-BF87-F1CF-4721-F46B9EF452D9">
<hideElementsInCurrentOnly>false</hideElementsInCurrentOnly>
<bounds x="308" y="566" width="262" height="154"/>
</OView>
</objectViews>
<connectors>
<Connector class="oracle.dbtools.crest.swingui.relational.TVFKRelation" oid="0C3A15A2-6461-7D66-9E29-839E89493EA3" otype="FKIndexAssociation" vid_source="99587417-EC4E-AF77-F5F2-0FB82B513726" vid_target="576E3380-A394-DEB8-C8D3-7942ECD9D1DE">
<hideElementsInCurrentOnly>false</hideElementsInCurrentOnly>
<backgroundColor>-16777216</backgroundColor>
<lineWidth>1</lineWidth>
<points>
<point x="857" y="582"/>
<point x="676" y="471"/>
</points>
</Connector>
<Connector class="oracle.dbtools.crest.swingui.relational.TVFKRelation" oid="562C0AAC-FFA7-845B-AF7A-3B7F1DED472C" otype="FKIndexAssociation" vid_source="99587417-EC4E-AF77-F5F2-0FB82B513726" vid_target="5DDE721D-3329-B051-ED44-F046ADB9934E">
<hideElementsInCurrentOnly>false</hideElementsInCurrentOnly>
<backgroundColor>-16777216</backgroundColor>
<lineWidth>1</lineWidth>
<points>
<point x="1070" y="582"/>
<point x="1070" y="376"/>
</points>
</Connector>
<Connector class="oracle.dbtools.crest.swingui.relational.TVFKRelation" oid="7B0DA038-E814-2400-DDC3-F169A92CD28D" otype="FKIndexAssociation" vid_source="14D9099D-EFF2-E39A-458D-3763B5EF8426" vid_target="5DDE721D-3329-B051-ED44-F046ADB9934E">
<hideElementsInCurrentOnly>false</hideElementsInCurrentOnly>
<backgroundColor>-16777216</backgroundColor>
<lineWidth>1</lineWidth>
<points>
<point x="750" y="220"/>
<point x="1006" y="220"/>
</points>
</Connector>
<Connector class="oracle.dbtools.crest.swingui.relational.TVFKRelation" oid="7B735F10-8D2B-A907-2941-97ACA02BF0F2" otype="FKIndexAssociation" vid_source="99587417-EC4E-AF77-F5F2-0FB82B513726" vid_target="2D107483-BF87-F1CF-4721-F46B9EF452D9">
<hideElementsInCurrentOnly>false</hideElementsInCurrentOnly>
<backgroundColor>-16777216</backgroundColor>
<lineWidth>1</lineWidth>
<points>
<point x="857" y="651"/>
<point x="570" y="651"/>
</points>
</Connector>
<Connector class="oracle.dbtools.crest.swingui.relational.TVFKRelation" oid="7BD44644-DD2D-F99B-7523-57A097A99EB1" otype="FKIndexAssociation" vid_source="14D9099D-EFF2-E39A-458D-3763B5EF8426" vid_target="576E3380-A394-DEB8-C8D3-7942ECD9D1DE">
<hideElementsInCurrentOnly>false</hideElementsInCurrentOnly>
<backgroundColor>-16777216</backgroundColor>
<lineWidth>1</lineWidth>
<points>
<point x="618" y="254"/>
<point x="618" y="356"/>
</points>
</Connector>
<Connector class="oracle.dbtools.crest.swingui.relational.TVFKRelation" oid="9CB0BF50-5848-B208-F6A9-E62D3CE32D93" otype="FKIndexAssociation" vid_source="E0AA62CB-00F8-CA6B-6174-97F443FA531F" vid_target="14D9099D-EFF2-E39A-458D-3763B5EF8426">
<hideElementsInCurrentOnly>false</hideElementsInCurrentOnly>
<backgroundColor>-16777216</backgroundColor>
<lineWidth>1</lineWidth>
<points>
<point x="357" y="202"/>
<point x="514" y="202"/>
</points>
</Connector>
</connectors>
</Diagram>
