<?xml version = '1.0' encoding = 'UTF-8'?>
<Diagram class="oracle.dbtools.crest.swingui.relational.DPVRelational" name="Relational_1" id="00FE9F72-2355-C9B8-CAF2-857682FA5F8B">
<createdBy>dani</createdBy>
<modifiedBy>dani</modifiedBy>
<createdTime>2024-09-24 12:36:49 UTC</createdTime>
<autoRoute>false</autoRoute>
<boxInbox>true</boxInbox>
<showLegend>false</showLegend>
<showLabels>false</showLabels>
<showRelAttributes>false</showRelAttributes>
<gridEnabled>false</gridEnabled>
<showGrid>false</showGrid>
<diagramColor>-1</diagramColor>
<display>false</display>
<notation>1</notation>
<objectViews>
<OView class="oracle.dbtools.crest.swingui.relational.TVTable" oid="0B92642A-E585-AFAF-CFB3-11F94C93735C" otype="Table" vid="0A49DF88-1E93-6308-9EA9-269353E0BC0B">
<hideElementsInCurrentOnly>false</hideElementsInCurrentOnly>
<bounds x="162" y="440" width="226" height="141"/>
</OView>
<OView class="oracle.dbtools.crest.swingui.relational.TVTable" oid="29A00893-8516-49B9-FA60-649457292016" otype="Table" vid="576E3380-A394-DEB8-C8D3-7942ECD9D1DE">
<hideElementsInCurrentOnly>false</hideElementsInCurrentOnly>
<bounds x="841" y="356" width="217" height="115"/>
</OView>
<OView class="oracle.dbtools.crest.swingui.relational.TVTable" oid="38551AB8-BB1B-047E-3428-372C9502F6BB" otype="Table" vid="14D9099D-EFF2-E39A-458D-3763B5EF8426">
<hideElementsInCurrentOnly>false</hideElementsInCurrentOnly>
<bounds x="514" y="100" width="236" height="154"/>
</OView>
<OView class="oracle.dbtools.crest.swingui.relational.TVTable" oid="A22D3AF2-90EF-412E-3417-9B3A6EC9B88F" otype="Table" vid="16C34D46-D010-4715-F96E-D841338D131C">
<hideElementsInCurrentOnly>false</hideElementsInCurrentOnly>
<bounds x="496" y="471" width="193" height="128"/>
</OView>
<OView class="oracle.dbtools.crest.swingui.relational.TVTable" oid="A3074872-A402-1066-5F00-F5632F805728" otype="Table" vid="5DDE721D-3329-B051-ED44-F046ADB9934E">
<hideElementsInCurrentOnly>false</hideElementsInCurrentOnly>
<bounds x="1215" y="208" width="273" height="141"/>
</OView>
<OView class="oracle.dbtools.crest.swingui.relational.TVTable" oid="BA1D9E77-A65D-C0F3-D2B5-6114E2232B6F" otype="Table" vid="E0AA62CB-00F8-CA6B-6174-97F443FA531F">
<hideElementsInCurrentOnly>false</hideElementsInCurrentOnly>
<bounds x="128" y="151" width="229" height="122"/>
</OView>
<OView class="oracle.dbtools.crest.swingui.relational.TVTable" oid="BAB287DE-69FC-D57A-A7AF-20B0D2D9CE2C" otype="Table" vid="99587417-EC4E-AF77-F5F2-0FB82B513726">
<hideElementsInCurrentOnly>false</hideElementsInCurrentOnly>
<bounds x="857" y="582" width="277" height="174"/>
</OView>
<OView class="oracle.dbtools.crest.swingui.relational.TVTable" oid="DFF8AC81-8E56-29F6-E8C4-4223F9A827AC" otype="Table" vid="2D107483-BF87-F1CF-4721-F46B9EF452D9">
<hideElementsInCurrentOnly>false</hideElementsInCurrentOnly>
<bounds x="292" y="666" width="231" height="128"/>
</OView>
</objectViews>
<connectors>
<Connector class="oracle.dbtools.crest.swingui.relational.TVFKRelation" oid="0C3A15A2-6461-7D66-9E29-839E89493EA3" otype="FKIndexAssociation" vid_source="99587417-EC4E-AF77-F5F2-0FB82B513726" vid_target="576E3380-A394-DEB8-C8D3-7942ECD9D1DE">
<hideElementsInCurrentOnly>false</hideElementsInCurrentOnly>
<backgroundColor>-16777216</backgroundColor>
<lineWidth>1</lineWidth>
<points>
<point x="957" y="582"/>
<point x="957" y="471"/>
</points>
</Connector>
<Connector class="oracle.dbtools.crest.swingui.relational.TVFKRelation" oid="562C0AAC-FFA7-845B-AF7A-3B7F1DED472C" otype="FKIndexAssociation" vid_source="99587417-EC4E-AF77-F5F2-0FB82B513726" vid_target="5DDE721D-3329-B051-ED44-F046ADB9934E">
<hideElementsInCurrentOnly>false</hideElementsInCurrentOnly>
<backgroundColor>-16777216</backgroundColor>
<lineWidth>1</lineWidth>
<points>
<point x="1074" y="582"/>
<point x="1287" y="349"/>
</points>
</Connector>
<Connector class="oracle.dbtools.crest.swingui.relational.TVFKRelation" oid="7B0DA038-E814-2400-DDC3-F169A92CD28D" otype="FKIndexAssociation" vid_source="14D9099D-EFF2-E39A-458D-3763B5EF8426" vid_target="5DDE721D-3329-B051-ED44-F046ADB9934E">
<hideElementsInCurrentOnly>false</hideElementsInCurrentOnly>
<backgroundColor>-16777216</backgroundColor>
<lineWidth>1</lineWidth>
<points>
<point x="750" y="231"/>
<point x="1215" y="231"/>
</points>
</Connector>
<Connector class="oracle.dbtools.crest.swingui.relational.TVFKRelation" oid="7B735F10-8D2B-A907-2941-97ACA02BF0F2" otype="FKIndexAssociation" vid_source="99587417-EC4E-AF77-F5F2-0FB82B513726" vid_target="2D107483-BF87-F1CF-4721-F46B9EF452D9">
<hideElementsInCurrentOnly>false</hideElementsInCurrentOnly>
<backgroundColor>-16777216</backgroundColor>
<lineWidth>1</lineWidth>
<points>
<point x="857" y="711"/>
<point x="523" y="711"/>
</points>
</Connector>
<Connector class="oracle.dbtools.crest.swingui.relational.TVFKRelation" oid="7BD44644-DD2D-F99B-7523-57A097A99EB1" otype="FKIndexAssociation" vid_source="14D9099D-EFF2-E39A-458D-3763B5EF8426" vid_target="576E3380-A394-DEB8-C8D3-7942ECD9D1DE">
<hideElementsInCurrentOnly>false</hideElementsInCurrentOnly>
<backgroundColor>-16777216</backgroundColor>
<lineWidth>1</lineWidth>
<points>
<point x="735" y="254"/>
<point x="872" y="356"/>
</points>
</Connector>
<Connector class="oracle.dbtools.crest.swingui.relational.TVFKRelation" oid="851F216F-7911-4F5B-CF8F-801F2563E74B" otype="FKIndexAssociation" vid_source="99587417-EC4E-AF77-F5F2-0FB82B513726" vid_target="16C34D46-D010-4715-F96E-D841338D131C">
<hideElementsInCurrentOnly>false</hideElementsInCurrentOnly>
<backgroundColor>-16777216</backgroundColor>
<lineWidth>1</lineWidth>
<points>
<point x="857" y="590"/>
<point x="689" y="590"/>
</points>
</Connector>
<Connector class="oracle.dbtools.crest.swingui.relational.TVFKRelation" oid="8C732E73-22D3-163C-80A3-12E322424C9D" otype="FKIndexAssociation" vid_source="14D9099D-EFF2-E39A-458D-3763B5EF8426" vid_target="0A49DF88-1E93-6308-9EA9-269353E0BC0B">
<hideElementsInCurrentOnly>false</hideElementsInCurrentOnly>
<backgroundColor>-16777216</backgroundColor>
<lineWidth>1</lineWidth>
<points>
<point x="549" y="254"/>
<point x="350" y="440"/>
</points>
</Connector>
<Connector class="oracle.dbtools.crest.swingui.relational.TVFKRelation" oid="9CB0BF50-5848-B208-F6A9-E62D3CE32D93" otype="FKIndexAssociation" vid_source="E0AA62CB-00F8-CA6B-6174-97F443FA531F" vid_target="14D9099D-EFF2-E39A-458D-3763B5EF8426">
<hideElementsInCurrentOnly>false</hideElementsInCurrentOnly>
<backgroundColor>-16777216</backgroundColor>
<lineWidth>1</lineWidth>
<points>
<point x="357" y="202"/>
<point x="514" y="202"/>
</points>
</Connector>
<Connector class="oracle.dbtools.crest.swingui.relational.TVFKRelation" oid="C8FDF013-A713-A160-2C6D-A6D133CB0A8B" otype="FKIndexAssociation" vid_source="14D9099D-EFF2-E39A-458D-3763B5EF8426" vid_target="16C34D46-D010-4715-F96E-D841338D131C">
<hideElementsInCurrentOnly>false</hideElementsInCurrentOnly>
<backgroundColor>-16777216</backgroundColor>
<lineWidth>1</lineWidth>
<points>
<point x="601" y="254"/>
<point x="601" y="471"/>
</points>
</Connector>
<Connector class="oracle.dbtools.crest.swingui.relational.TVFKRelation" oid="DC4607B6-9047-67A2-C7A6-88EC91DB7726" otype="FKIndexAssociation" vid_source="2D107483-BF87-F1CF-4721-F46B9EF452D9" vid_target="0A49DF88-1E93-6308-9EA9-269353E0BC0B">
<hideElementsInCurrentOnly>false</hideElementsInCurrentOnly>
<backgroundColor>-16777216</backgroundColor>
<lineWidth>1</lineWidth>
<points>
<point x="340" y="666"/>
<point x="340" y="581"/>
</points>
</Connector>
</connectors>
</Diagram>