<?xml version = '1.0' encoding = 'UTF-8'?>
<Table class="oracle.dbtools.crest.model.design.relational.Table" directorySegmentName="seg_0" id="0B92642A-E585-AFAF-CFB3-11F94C93735C" schemaObject="0E3A7E8A-760C-A8BE-F932-7FE8652DBCE8" name="CORE_DETALLE_PEDIDO">
<sourceDDLFile>mer jcn.sql</sourceDDLFile>
<createdBy>dani</createdBy>
<createdTime>2025-04-17 21:04:24 UTC</createdTime>
<ownerDesignName>MER JCN</ownerDesignName>
<importedID>EC2F5361-3C3E-D69E-8CA9-1E854BB11021</importedID>
<allowColumnReorder>false</allowColumnReorder>
<existDependencyGenerateInDDl>true</existDependencyGenerateInDDl>
<parsed>true</parsed>
<columns itemClass="oracle.dbtools.crest.model.design.relational.Column">
<Column name="ID" id="9859EDEA-74BD-7644-5307-5A7892460832">
<sourceDDLFile>mer jcn.sql</sourceDDLFile>
<createdBy>dani</createdBy>
<createdTime>2025-04-17 21:04:24 UTC</createdTime>
<ownerDesignName>MER JCN</ownerDesignName>
<importedID>9485678F-1BE9-ED88-777B-FE00DAD7AFE2</importedID>
<use>0</use>
<logicalDatatype>LOGDT019</logicalDatatype>
<domain>A7958579-CD8C-1BEC-A26E-802873BA41A7</domain>
<ownDataTypeParameters>,,</ownDataTypeParameters>
<autoIncrementColumn>true</autoIncrementColumn>
<identityColumn>true</identityColumn>
<defaultOntNull>true</defaultOntNull>
<autoIncrementCycle>false</autoIncrementCycle>
<autoIncrementOrder>false</autoIncrementOrder>
</Column>
<Column name="PEDIDO_ID" id="981554E4-B2E2-8EC9-2671-97A929AF0FFC">
<sourceDDLFile>mer jcn.sql</sourceDDLFile>
<createdBy>dani</createdBy>
<createdTime>2025-04-17 21:04:24 UTC</createdTime>
<ownerDesignName>MER JCN</ownerDesignName>
<importedID>74520584-886D-2A19-C8AD-4552AD8CBFC3</importedID>
<nullsAllowed>true</nullsAllowed>
<use>0</use>
<logicalDatatype>LOGDT019</logicalDatatype>
<domain>A7958579-CD8C-1BEC-A26E-802873BA41A7</domain>
<ownDataTypeParameters>,,</ownDataTypeParameters>
<autoIncrementCycle>false</autoIncrementCycle>
<associations>
<colAssociation fkAssociation="DC4607B6-9047-67A2-C7A6-88EC91DB7726" referredColumn="EF84F3C4-3DB3-61C3-82A4-64A5BFD99A2D"/>
</associations>
</Column>
<Column name="JUEGO_ID" id="1E18D817-9975-A036-6EEA-A9007143CF89">
<sourceDDLFile>mer jcn.sql</sourceDDLFile>
<createdBy>dani</createdBy>
<createdTime>2025-04-17 21:04:24 UTC</createdTime>
<ownerDesignName>MER JCN</ownerDesignName>
<importedID>CB351453-229E-23F3-E933-521EBAC11975</importedID>
<nullsAllowed>true</nullsAllowed>
<use>0</use>
<logicalDatatype>LOGDT019</logicalDatatype>
<domain>A7958579-CD8C-1BEC-A26E-802873BA41A7</domain>
<ownDataTypeParameters>,,</ownDataTypeParameters>
<autoIncrementCycle>false</autoIncrementCycle>
<associations>
<colAssociation fkAssociation="8C732E73-22D3-163C-80A3-12E322424C9D" referredColumn="A7566214-2A48-D1A4-0B45-2E5E30927B36"/>
</associations>
</Column>
<Column name="CANTIDAD" id="FC02F138-2756-3A1D-C09C-210DC3111720">
<sourceDDLFile>mer jcn.sql</sourceDDLFile>
<createdBy>dani</createdBy>
<createdTime>2025-04-17 21:04:24 UTC</createdTime>
<ownerDesignName>MER JCN</ownerDesignName>
<importedID>8C8A2F51-719A-72E4-5B2A-FB05E534E188</importedID>
<use>0</use>
<logicalDatatype>LOGDT019</logicalDatatype>
<domain>80388844-10EF-6C02-64DD-BAD5CCB8C2CD</domain>
<ownDataTypeParameters>,,</ownDataTypeParameters>
<autoIncrementCycle>false</autoIncrementCycle>
</Column>
<Column name="PRECIO_UNITARIO" id="7B0B0531-1B72-31BE-71F7-3B20986B883E">
<sourceDDLFile>mer jcn.sql</sourceDDLFile>
<createdBy>dani</createdBy>
<createdTime>2025-04-17 21:04:24 UTC</createdTime>
<ownerDesignName>MER JCN</ownerDesignName>
<importedID>54326F51-4415-9EC8-4EE5-296D981108D3</importedID>
<use>0</use>
<logicalDatatype>LOGDT019</logicalDatatype>
<domain>E41E5FDE-1E0C-95BA-BB42-A9AD92ED62FE</domain>
<ownDataTypeParameters>,,</ownDataTypeParameters>
<autoIncrementCycle>false</autoIncrementCycle>
</Column>
</columns>
<indexes itemClass="oracle.dbtools.crest.model.design.relational.Index">
<ind_PK_UK id="319B78EE-ADC4-8B12-96AA-EBFCB2A5018B" name="CORE_DETALLE_PEDIDO_PK">
<sourceDDLFile>mer jcn.sql</sourceDDLFile>
<createdBy>dani</createdBy>
<createdTime>2025-04-17 21:04:24 UTC</createdTime>
<ownerDesignName>MER JCN</ownerDesignName>
<importedID>EBCE8397-2E7C-C097-06CA-241E3ADED770</importedID>
<pk>true</pk>
<indexState>Primary Constraint</indexState>
<isSurrogateKey>false</isSurrogateKey>
<indexColumnUsage>
<colUsage columnID="9859EDEA-74BD-7644-5307-5A7892460832"/>
</indexColumnUsage>
</ind_PK_UK>
<ind_PK_UK id="03FC0BAF-7E89-B5F3-8967-C5FA49C7B7C4" name="FK_JUEGO_DETALLE">
<createdBy>dani</createdBy>
<createdTime>2025-04-17 21:04:24 UTC</createdTime>
<ownerDesignName>MER JCN</ownerDesignName>
<indexState>Foreign Key</indexState>
<isSurrogateKey>false</isSurrogateKey>
<indexColumnUsage>
<colUsage columnID="1E18D817-9975-A036-6EEA-A9007143CF89"/>
</indexColumnUsage>
</ind_PK_UK>
<ind_PK_UK id="6FB87795-EF62-1AAE-B53A-D692279B66BA" name="FK_PEDIDO_DETALLE">
<createdBy>dani</createdBy>
<createdTime>2025-04-17 21:04:24 UTC</createdTime>
<ownerDesignName>MER JCN</ownerDesignName>
<indexState>Foreign Key</indexState>
<isSurrogateKey>false</isSurrogateKey>
<indexColumnUsage>
<colUsage columnID="981554E4-B2E2-8EC9-2671-97A929AF0FFC"/>
</indexColumnUsage>
</ind_PK_UK>
</indexes>
</Table>