<?xml version = '1.0' encoding = 'UTF-8'?>
<Table class="oracle.dbtools.crest.model.design.relational.Table" directorySegmentName="seg_0" id="A22D3AF2-90EF-412E-3417-9B3A6EC9B88F" schemaObject="0E3A7E8A-760C-A8BE-F932-7FE8652DBCE8" name="CORE_CART">
<sourceDDLFile>mer jcn.sql</sourceDDLFile>
<createdBy>dani</createdBy>
<createdTime>2025-04-17 21:04:24 UTC</createdTime>
<ownerDesignName>MER JCN</ownerDesignName>
<importedID>E80012B4-1C2A-6EDE-FA30-F304D712AE6C</importedID>
<allowColumnReorder>false</allowColumnReorder>
<existDependencyGenerateInDDl>true</existDependencyGenerateInDDl>
<parsed>true</parsed>
<columns itemClass="oracle.dbtools.crest.model.design.relational.Column">
<Column name="ID" id="F473FA6B-D608-574E-0DB3-CBE0F6D8F1F0">
<sourceDDLFile>mer jcn.sql</sourceDDLFile>
<createdBy>dani</createdBy>
<createdTime>2025-04-17 21:04:24 UTC</createdTime>
<ownerDesignName>MER JCN</ownerDesignName>
<importedID>97529CEC-0E4F-3F8B-7EE5-FBBFD39928EC</importedID>
<use>0</use>
<logicalDatatype>LOGDT019</logicalDatatype>
<domain>A7958579-CD8C-1BEC-A26E-802873BA41A7</domain>
<ownDataTypeParameters>,,</ownDataTypeParameters>
<autoIncrementColumn>true</autoIncrementColumn>
<identityColumn>true</identityColumn>
<defaultOntNull>true</defaultOntNull>
<autoIncrementCycle>false</autoIncrementCycle>
<autoIncrementOrder>false</autoIncrementOrder>
</Column>
<Column name="USUARIO_ID" id="2F63E6D6-9A10-04AF-D3CD-1532C1088671">
<sourceDDLFile>mer jcn.sql</sourceDDLFile>
<createdBy>dani</createdBy>
<createdTime>2025-04-17 21:04:24 UTC</createdTime>
<ownerDesignName>MER JCN</ownerDesignName>
<importedID>50AD82F5-981C-45FE-F9BB-BF1030B54B6D</importedID>
<nullsAllowed>true</nullsAllowed>
<use>0</use>
<logicalDatatype>LOGDT019</logicalDatatype>
<domain>A7958579-CD8C-1BEC-A26E-802873BA41A7</domain>
<ownDataTypeParameters>,,</ownDataTypeParameters>
<autoIncrementCycle>false</autoIncrementCycle>
<associations>
<colAssociation fkAssociation="851F216F-7911-4F5B-CF8F-801F2563E74B" referredColumn="5A0D2D4E-24E9-3B2C-E47F-27D078B360EC"/>
</associations>
</Column>
<Column name="JUEGO_ID" id="C8A56882-8BF9-5E1B-1C30-BB22316E9AA8">
<sourceDDLFile>mer jcn.sql</sourceDDLFile>
<createdBy>dani</createdBy>
<createdTime>2025-04-17 21:04:24 UTC</createdTime>
<ownerDesignName>MER JCN</ownerDesignName>
<importedID>B146807B-B5AF-5913-951C-E96F00548E61</importedID>
<nullsAllowed>true</nullsAllowed>
<use>0</use>
<logicalDatatype>LOGDT019</logicalDatatype>
<domain>A7958579-CD8C-1BEC-A26E-802873BA41A7</domain>
<ownDataTypeParameters>,,</ownDataTypeParameters>
<autoIncrementCycle>false</autoIncrementCycle>
<associations>
<colAssociation fkAssociation="C8FDF013-A713-A160-2C6D-A6D133CB0A8B" referredColumn="A7566214-2A48-D1A4-0B45-2E5E30927B36"/>
</associations>
</Column>
<Column name="CANTIDAD" id="9A861C93-87BE-CFA1-AF57-DA11D289AB0D">
<sourceDDLFile>mer jcn.sql</sourceDDLFile>
<createdBy>dani</createdBy>
<createdTime>2025-04-17 21:04:24 UTC</createdTime>
<ownerDesignName>MER JCN</ownerDesignName>
<importedID>9BD0262A-BCBF-20D2-4AC2-1515B6578CEA</importedID>
<use>0</use>
<logicalDatatype>LOGDT019</logicalDatatype>
<domain>80388844-10EF-6C02-64DD-BAD5CCB8C2CD</domain>
<ownDataTypeParameters>,,</ownDataTypeParameters>
<autoIncrementCycle>false</autoIncrementCycle>
</Column>
</columns>
<indexes itemClass="oracle.dbtools.crest.model.design.relational.Index">
<ind_PK_UK id="64CAA8DD-0EA9-7C34-D13D-CEDFFD9AC73E" name="CORE_CART_PK">
<sourceDDLFile>mer jcn.sql</sourceDDLFile>
<createdBy>dani</createdBy>
<createdTime>2025-04-17 21:04:24 UTC</createdTime>
<ownerDesignName>MER JCN</ownerDesignName>
<importedID>DA8C8D94-1EB7-906D-E71B-BDAFF9D52220</importedID>
<pk>true</pk>
<indexState>Primary Constraint</indexState>
<isSurrogateKey>false</isSurrogateKey>
<indexColumnUsage>
<colUsage columnID="F473FA6B-D608-574E-0DB3-CBE0F6D8F1F0"/>
</indexColumnUsage>
</ind_PK_UK>
<ind_PK_UK id="1D3C245E-DB85-3A34-605D-64AD440A3635" name="FK_JUEGO_CART">
<createdBy>dani</createdBy>
<createdTime>2025-04-17 21:04:24 UTC</createdTime>
<ownerDesignName>MER JCN</ownerDesignName>
<indexState>Foreign Key</indexState>
<isSurrogateKey>false</isSurrogateKey>
<indexColumnUsage>
<colUsage columnID="C8A56882-8BF9-5E1B-1C30-BB22316E9AA8"/>
</indexColumnUsage>
</ind_PK_UK>
<ind_PK_UK id="DF00199E-3E3F-5329-E1A6-5387439972B4" name="FK_USUARIO_CART">
<createdBy>dani</createdBy>
<createdTime>2025-04-17 21:04:24 UTC</createdTime>
<ownerDesignName>MER JCN</ownerDesignName>
<indexState>Foreign Key</indexState>
<isSurrogateKey>false</isSurrogateKey>
<indexColumnUsage>
<colUsage columnID="2F63E6D6-9A10-04AF-D3CD-1532C1088671"/>
</indexColumnUsage>
</ind_PK_UK>
</indexes>
</Table>