<?xml version = '1.0' encoding = 'UTF-8'?>
<Table class="oracle.dbtools.crest.model.design.relational.Table" directorySegmentName="seg_0" id="A3074872-A402-1066-5F00-F5632F805728" schemaObject="0E3A7E8A-760C-A8BE-F932-7FE8652DBCE8" name="CORE_COMENTARIO">
<sourceDDLFile>mer jcn.sql</sourceDDLFile>
<createdBy>dani</createdBy>
<createdTime>2025-04-17 21:04:24 UTC</createdTime>
<ownerDesignName>MER JCN</ownerDesignName>
<importedID>DA48D807-3560-9ECF-BEB5-D091ED2A3BFE</importedID>
<allowColumnReorder>false</allowColumnReorder>
<existDependencyGenerateInDDl>true</existDependencyGenerateInDDl>
<parsed>true</parsed>
<columns itemClass="oracle.dbtools.crest.model.design.relational.Column">
<Column name="ID" id="19E16012-70E4-45DC-5406-9AF7C0F75920">
<sourceDDLFile>mer jcn.sql</sourceDDLFile>
<createdBy>dani</createdBy>
<createdTime>2025-04-17 21:04:24 UTC</createdTime>
<ownerDesignName>MER JCN</ownerDesignName>
<importedID>CCF22C83-B196-861F-87F4-FF82D64A2B3B</importedID>
<use>0</use>
<logicalDatatype>LOGDT019</logicalDatatype>
<domain>A7958579-CD8C-1BEC-A26E-802873BA41A7</domain>
<ownDataTypeParameters>,,</ownDataTypeParameters>
<autoIncrementColumn>true</autoIncrementColumn>
<identityColumn>true</identityColumn>
<defaultOntNull>true</defaultOntNull>
<autoIncrementCycle>false</autoIncrementCycle>
<autoIncrementOrder>false</autoIncrementOrder>
</Column>
<Column name="USUARIO_ID" id="919278B7-3CB4-A387-A2B3-3AC47118E04C">
<sourceDDLFile>mer jcn.sql</sourceDDLFile>
<createdBy>dani</createdBy>
<createdTime>2025-04-17 21:04:24 UTC</createdTime>
<ownerDesignName>MER JCN</ownerDesignName>
<importedID>17D16B6C-D880-A1C5-C6D7-8A96751BE6CE</importedID>
<nullsAllowed>true</nullsAllowed>
<use>0</use>
<logicalDatatype>LOGDT019</logicalDatatype>
<domain>A7958579-CD8C-1BEC-A26E-802873BA41A7</domain>
<ownDataTypeParameters>,,</ownDataTypeParameters>
<autoIncrementCycle>false</autoIncrementCycle>
<associations>
<colAssociation fkAssociation="562C0AAC-FFA7-845B-AF7A-3B7F1DED472C" referredColumn="5A0D2D4E-24E9-3B2C-E47F-27D078B360EC"/>
</associations>
</Column>
<Column name="JUEGO_ID" id="43C33E48-75D1-288A-B2AA-54925D432AA7">
<sourceDDLFile>mer jcn.sql</sourceDDLFile>
<createdBy>dani</createdBy>
<createdTime>2025-04-17 21:04:24 UTC</createdTime>
<ownerDesignName>MER JCN</ownerDesignName>
<importedID>8C86FC86-3C30-94DD-1CE0-CE08944AD98A</importedID>
<nullsAllowed>true</nullsAllowed>
<use>0</use>
<logicalDatatype>LOGDT019</logicalDatatype>
<domain>A7958579-CD8C-1BEC-A26E-802873BA41A7</domain>
<ownDataTypeParameters>,,</ownDataTypeParameters>
<autoIncrementCycle>false</autoIncrementCycle>
<associations>
<colAssociation fkAssociation="7B0DA038-E814-2400-DDC3-F169A92CD28D" referredColumn="A7566214-2A48-D1A4-0B45-2E5E30927B36"/>
</associations>
</Column>
<Column name="COMENTARIO" id="42419625-1510-4EB3-9D83-F478A40EA74D">
<sourceDDLFile>mer jcn.sql</sourceDDLFile>
<createdBy>dani</createdBy>
<createdTime>2025-04-17 21:04:24 UTC</createdTime>
<ownerDesignName>MER JCN</ownerDesignName>
<importedID>FA143B6E-4E06-87A6-24FA-774D9EFE9725</importedID>
<use>0</use>
<logicalDatatype>LOGDT024</logicalDatatype>
<domain>ED54C29E-037D-AB42-2026-35BA3F6767BF</domain>
<ownDataTypeParameters>,,</ownDataTypeParameters>
<autoIncrementCycle>false</autoIncrementCycle>
</Column>
<Column name="FECHA_COMENTARIO" id="178A8802-C4AA-6674-A150-9493221C248D">
<sourceDDLFile>mer jcn.sql</sourceDDLFile>
<createdBy>dani</createdBy>
<createdTime>2025-04-17 21:04:24 UTC</createdTime>
<ownerDesignName>MER JCN</ownerDesignName>
<importedID>0F9AACA5-A3C4-CA99-12B0-E7444892669D</importedID>
<use>0</use>
<logicalDatatype>LOGDT007</logicalDatatype>
<domain>385D6A53-73F7-4414-FB58-DC17AD860804</domain>
<ownDataTypeParameters>,,</ownDataTypeParameters>
<autoIncrementCycle>false</autoIncrementCycle>
</Column>
</columns>
<indexes itemClass="oracle.dbtools.crest.model.design.relational.Index">
<ind_PK_UK id="184BC5A8-F154-2A83-EF43-C626A5C68CCE" name="CORE_COMENTARIO_PK">
<sourceDDLFile>mer jcn.sql</sourceDDLFile>
<createdBy>dani</createdBy>
<createdTime>2025-04-17 21:04:24 UTC</createdTime>
<ownerDesignName>MER JCN</ownerDesignName>
<importedID>B718560A-E178-9201-D062-CF725F541519</importedID>
<pk>true</pk>
<indexState>Primary Constraint</indexState>
<isSurrogateKey>false</isSurrogateKey>
<indexColumnUsage>
<colUsage columnID="19E16012-70E4-45DC-5406-9AF7C0F75920"/>
</indexColumnUsage>
</ind_PK_UK>
<ind_PK_UK id="9AEBF8A8-9EE5-5596-2053-FB56A7991CF7" name="FK_JUEGO_COMENTARIO">
<createdBy>dani</createdBy>
<createdTime>2025-04-17 21:04:24 UTC</createdTime>
<ownerDesignName>MER JCN</ownerDesignName>
<indexState>Foreign Key</indexState>
<isSurrogateKey>false</isSurrogateKey>
<indexColumnUsage>
<colUsage columnID="43C33E48-75D1-288A-B2AA-54925D432AA7"/>
</indexColumnUsage>
</ind_PK_UK>
<ind_PK_UK id="D4364372-1B63-5676-9D68-CB16343568D9" name="FK_USUARIO_COMENTARIO">
<createdBy>dani</createdBy>
<createdTime>2025-04-17 21:04:24 UTC</createdTime>
<ownerDesignName>MER JCN</ownerDesignName>
<indexState>Foreign Key</indexState>
<isSurrogateKey>false</isSurrogateKey>
<indexColumnUsage>
<colUsage columnID="919278B7-3CB4-A387-A2B3-3AC47118E04C"/>
</indexColumnUsage>
</ind_PK_UK>
</indexes>
</Table>