<?xml version = '1.0' encoding = 'UTF-8'?>
<Table class="oracle.dbtools.crest.model.design.relational.Table" directorySegmentName="seg_0" id="BA1D9E77-A65D-C0F3-D2B5-6114E2232B6F" schemaObject="0E3A7E8A-760C-A8BE-F932-7FE8652DBCE8" name="CORE_CATEGORIA">
<sourceDDLFile>mer jcn.sql</sourceDDLFile>
<createdBy>dani</createdBy>
<createdTime>2025-04-17 21:04:24 UTC</createdTime>
<ownerDesignName>MER JCN</ownerDesignName>
<importedID>BAC0AD0E-160F-32DC-39E3-4F8C946D208A</importedID>
<allowColumnReorder>false</allowColumnReorder>
<existDependencyGenerateInDDl>true</existDependencyGenerateInDDl>
<parsed>true</parsed>
<columns itemClass="oracle.dbtools.crest.model.design.relational.Column">
<Column name="ID" id="A1FC99E1-0D43-3247-BC18-C055F24E7187">
<sourceDDLFile>mer jcn.sql</sourceDDLFile>
<createdBy>dani</createdBy>
<createdTime>2025-04-17 21:04:24 UTC</createdTime>
<ownerDesignName>MER JCN</ownerDesignName>
<importedID>6E03B554-7725-ABA2-4795-4E759F32B4ED</importedID>
<use>0</use>
<logicalDatatype>LOGDT019</logicalDatatype>
<domain>A7958579-CD8C-1BEC-A26E-802873BA41A7</domain>
<ownDataTypeParameters>,,</ownDataTypeParameters>
<autoIncrementColumn>true</autoIncrementColumn>
<identityColumn>true</identityColumn>
<defaultOntNull>true</defaultOntNull>
<autoIncrementCycle>false</autoIncrementCycle>
<autoIncrementOrder>false</autoIncrementOrder>
</Column>
<Column name="NOMBRE" id="F61ECE42-CD23-2DB6-0860-9E74C861DB44">
<sourceDDLFile>mer jcn.sql</sourceDDLFile>
<createdBy>dani</createdBy>
<createdTime>2025-04-17 21:04:24 UTC</createdTime>
<ownerDesignName>MER JCN</ownerDesignName>
<importedID>DDE9B5E1-218A-6C39-876C-AA7DB96198EF</importedID>
<use>0</use>
<logicalDatatype>LOGDT024</logicalDatatype>
<domain>19490D3C-27FC-CD1F-20A8-C7D33831E6E9</domain>
<ownDataTypeParameters>,,</ownDataTypeParameters>
<autoIncrementCycle>false</autoIncrementCycle>
</Column>
<Column name="TITULO" id="D2A3EF18-5E66-44AA-4AA2-2583DCE1A6B8">
<sourceDDLFile>mer jcn.sql</sourceDDLFile>
<createdBy>dani</createdBy>
<createdTime>2025-04-17 21:04:24 UTC</createdTime>
<ownerDesignName>MER JCN</ownerDesignName>
<importedID>0A8FFDE0-EE91-87F8-5CDB-8A9DF5F58A21</importedID>
<use>0</use>
<logicalDatatype>LOGDT024</logicalDatatype>
<domain>19490D3C-27FC-CD1F-20A8-C7D33831E6E9</domain>
<ownDataTypeParameters>,,</ownDataTypeParameters>
<autoIncrementCycle>false</autoIncrementCycle>
</Column>
<Column name="LEMA" id="6D82BB01-59D5-6B8C-3FA8-4DA22DB01A0B">
<sourceDDLFile>mer jcn.sql</sourceDDLFile>
<createdBy>dani</createdBy>
<createdTime>2025-04-17 21:04:24 UTC</createdTime>
<ownerDesignName>MER JCN</ownerDesignName>
<importedID>A519E15E-D19D-6FC2-7AD6-369D63FFDD1B</importedID>
<nullsAllowed>true</nullsAllowed>
<use>0</use>
<logicalDatatype>LOGDT024</logicalDatatype>
<domain>5014054F-DFBD-8A51-A4FB-05B5AC14B23C</domain>
<ownDataTypeParameters>,,</ownDataTypeParameters>
<autoIncrementCycle>false</autoIncrementCycle>
</Column>
<Column name="DESCRIPCION" id="488FAF16-1C0E-476A-A07C-2F7A714CDEF2">
<sourceDDLFile>mer jcn.sql</sourceDDLFile>
<createdBy>dani</createdBy>
<createdTime>2025-04-17 21:04:24 UTC</createdTime>
<ownerDesignName>MER JCN</ownerDesignName>
<importedID>77031EB6-702C-EED6-20D2-7A7E38203A2A</importedID>
<nullsAllowed>true</nullsAllowed>
<use>0</use>
<logicalDatatype>LOGDT024</logicalDatatype>
<domain>49F2DB16-67EE-B6BC-5190-45D2118EDEA7</domain>
<ownDataTypeParameters>,,</ownDataTypeParameters>
<autoIncrementCycle>false</autoIncrementCycle>
</Column>
<Column name="IMAGEN" id="FCC7A56C-183E-6CD9-1428-37231171FF70">
<sourceDDLFile>mer jcn.sql</sourceDDLFile>
<createdBy>dani</createdBy>
<createdTime>2025-04-17 21:04:24 UTC</createdTime>
<ownerDesignName>MER JCN</ownerDesignName>
<importedID>3271F6EA-7EA6-0E13-A6E5-97B204F11F48</importedID>
<nullsAllowed>true</nullsAllowed>
<use>0</use>
<logicalDatatype>LOGDT024</logicalDatatype>
<domain>5014054F-DFBD-8A51-A4FB-05B5AC14B23C</domain>
<ownDataTypeParameters>,,</ownDataTypeParameters>
<autoIncrementCycle>false</autoIncrementCycle>
</Column>
</columns>
<indexes itemClass="oracle.dbtools.crest.model.design.relational.Index">
<ind_PK_UK id="F513CC36-131E-F73F-31E6-C7B33019DE61" name="CORE_CATEGORIA_PK">
<sourceDDLFile>mer jcn.sql</sourceDDLFile>
<createdBy>dani</createdBy>
<createdTime>2025-04-17 21:04:24 UTC</createdTime>
<ownerDesignName>MER JCN</ownerDesignName>
<importedID>11175B24-B296-77A7-DF49-28A8E1D203CB</importedID>
<pk>true</pk>
<indexState>Primary Constraint</indexState>
<isSurrogateKey>false</isSurrogateKey>
<indexColumnUsage>
<colUsage columnID="A1FC99E1-0D43-3247-BC18-C055F24E7187"/>
</indexColumnUsage>
</ind_PK_UK>
</indexes>
</Table>