<?xml version = '1.0' encoding = 'UTF-8'?>
<Table class="oracle.dbtools.crest.model.design.relational.Table" directorySegmentName="seg_0" id="BAB287DE-69FC-D57A-A7AF-20B0D2D9CE2C" schemaObject="0E3A7E8A-760C-A8BE-F932-7FE8652DBCE8" name="CORE_USUARIO">
<sourceDDLFile>mer jcn.sql</sourceDDLFile>
<createdBy>dani</createdBy>
<createdTime>2025-04-17 21:04:24 UTC</createdTime>
<ownerDesignName>MER JCN</ownerDesignName>
<importedID>01C2E924-0737-EF0F-13E9-6FE6FE580A67</importedID>
<allowColumnReorder>false</allowColumnReorder>
<existDependencyGenerateInDDl>true</existDependencyGenerateInDDl>
<parsed>true</parsed>
<columns itemClass="oracle.dbtools.crest.model.design.relational.Column">
<Column name="ID" id="5A0D2D4E-24E9-3B2C-E47F-27D078B360EC">
<sourceDDLFile>mer jcn.sql</sourceDDLFile>
<createdBy>dani</createdBy>
<createdTime>2025-04-17 21:04:24 UTC</createdTime>
<ownerDesignName>MER JCN</ownerDesignName>
<importedID>DE8BAF25-F8B2-859C-05B5-946450DDE992</importedID>
<use>0</use>
<logicalDatatype>LOGDT019</logicalDatatype>
<domain>A7958579-CD8C-1BEC-A26E-802873BA41A7</domain>
<ownDataTypeParameters>,,</ownDataTypeParameters>
<autoIncrementColumn>true</autoIncrementColumn>
<identityColumn>true</identityColumn>
<defaultOntNull>true</defaultOntNull>
<autoIncrementCycle>false</autoIncrementCycle>
<autoIncrementOrder>false</autoIncrementOrder>
</Column>
<Column name="NOMBRE_COMPLETO" id="4BAECC8B-B442-7F1E-EE30-777FA6879FD7">
<sourceDDLFile>mer jcn.sql</sourceDDLFile>
<createdBy>dani</createdBy>
<createdTime>2025-04-17 21:04:24 UTC</createdTime>
<ownerDesignName>MER JCN</ownerDesignName>
<importedID>E8C731F2-0994-73A0-17DE-95E7186F72E9</importedID>
<use>0</use>
<logicalDatatype>LOGDT024</logicalDatatype>
<domain>01CB2C29-C20C-994E-B3C7-56C7936934CE</domain>
<ownDataTypeParameters>,,</ownDataTypeParameters>
<autoIncrementCycle>false</autoIncrementCycle>
</Column>
<Column name="NOMBRE_USUARIO" id="13D0DC14-DC39-9211-DC98-7BF7833282F1">
<sourceDDLFile>mer jcn.sql</sourceDDLFile>
<createdBy>dani</createdBy>
<createdTime>2025-04-17 21:04:24 UTC</createdTime>
<ownerDesignName>MER JCN</ownerDesignName>
<importedID>D155D50F-D478-7402-79FF-A9057058B18F</importedID>
<use>0</use>
<logicalDatatype>LOGDT024</logicalDatatype>
<domain>88D6318D-1E62-E84F-307B-61BD83AA9DB2</domain>
<ownDataTypeParameters>,,</ownDataTypeParameters>
<autoIncrementCycle>false</autoIncrementCycle>
</Column>
<Column name="CORREO_ELECTRONICO" id="D05DCB1C-31B6-DBE3-0CBE-CFF508372662">
<sourceDDLFile>mer jcn.sql</sourceDDLFile>
<createdBy>dani</createdBy>
<createdTime>2025-04-17 21:04:24 UTC</createdTime>
<ownerDesignName>MER JCN</ownerDesignName>
<importedID>FC3DF51B-BDBF-75A8-1AEE-133728DE480C</importedID>
<use>0</use>
<logicalDatatype>LOGDT024</logicalDatatype>
<domain>19490D3C-27FC-CD1F-20A8-C7D33831E6E9</domain>
<ownDataTypeParameters>,,</ownDataTypeParameters>
<autoIncrementCycle>false</autoIncrementCycle>
</Column>
<Column name="CONTRASENA" id="A9995874-E294-81AB-BC35-827D7144A542">
<sourceDDLFile>mer jcn.sql</sourceDDLFile>
<createdBy>dani</createdBy>
<createdTime>2025-04-17 21:04:24 UTC</createdTime>
<ownerDesignName>MER JCN</ownerDesignName>
<importedID>035B50B7-3060-2E08-47B6-01D27FEB41C8</importedID>
<use>0</use>
<logicalDatatype>LOGDT024</logicalDatatype>
<domain>5014054F-DFBD-8A51-A4FB-05B5AC14B23C</domain>
<ownDataTypeParameters>,,</ownDataTypeParameters>
<autoIncrementCycle>false</autoIncrementCycle>
</Column>
<Column name="FECHA_NACIMIENTO" id="9B0B4FDE-04C5-DD9E-58BE-2D3C047DBD16">
<sourceDDLFile>mer jcn.sql</sourceDDLFile>
<createdBy>dani</createdBy>
<createdTime>2025-04-17 21:04:24 UTC</createdTime>
<ownerDesignName>MER JCN</ownerDesignName>
<importedID>871761FC-2E77-485D-A2CD-2D64018E5A92</importedID>
<use>0</use>
<logicalDatatype>LOGDT007</logicalDatatype>
<domain>385D6A53-73F7-4414-FB58-DC17AD860804</domain>
<ownDataTypeParameters>,,</ownDataTypeParameters>
<autoIncrementCycle>false</autoIncrementCycle>
</Column>
<Column name="DIRECCION_DESPACHO" id="BD763AAD-1E55-2BFF-C639-E1BEF82670F3">
<sourceDDLFile>mer jcn.sql</sourceDDLFile>
<createdBy>dani</createdBy>
<createdTime>2025-04-17 21:04:24 UTC</createdTime>
<ownerDesignName>MER JCN</ownerDesignName>
<importedID>283B8309-DE85-2912-814B-95A71AD2FBFA</importedID>
<nullsAllowed>true</nullsAllowed>
<use>0</use>
<logicalDatatype>LOGDT024</logicalDatatype>
<domain>5014054F-DFBD-8A51-A4FB-05B5AC14B23C</domain>
<ownDataTypeParameters>,,</ownDataTypeParameters>
<autoIncrementCycle>false</autoIncrementCycle>
</Column>
<Column name="ROL" id="7E1DFD8D-B66A-10E5-D676-39AEB21A9111">
<sourceDDLFile>mer jcn.sql</sourceDDLFile>
<createdBy>dani</createdBy>
<createdTime>2025-04-17 21:04:24 UTC</createdTime>
<ownerDesignName>MER JCN</ownerDesignName>
<importedID>E9FF6192-4BC1-0246-49F6-C37991978528</importedID>
<nullsAllowed>true</nullsAllowed>
<useDomainConstraints>false</useDomainConstraints>
<use>0</use>
<logicalDatatype>LOGDT024</logicalDatatype>
<domain>24219BB4-1EF5-D943-1D91-14705756C115</domain>
<listOfValues>
<valueDef value="administrador" description=""/>
<valueDef value="cliente" description=""/>
<valueDef value="invitado" description=""/>
<valueDef value="vendedor" description=""/>
</listOfValues>
<ownDataTypeParameters>,,</ownDataTypeParameters>
<autoIncrementCycle>false</autoIncrementCycle>
</Column>
</columns>
<indexes itemClass="oracle.dbtools.crest.model.design.relational.Index">
<ind_PK_UK id="67FB48F8-F11A-484E-50C0-EABB4AAC82B0" name="CORE_USUARIO_PK">
<sourceDDLFile>mer jcn.sql</sourceDDLFile>
<createdBy>dani</createdBy>
<createdTime>2025-04-17 21:04:24 UTC</createdTime>
<ownerDesignName>MER JCN</ownerDesignName>
<importedID>87AB3F1E-9AB7-4B72-69E4-043BBF5C21A7</importedID>
<pk>true</pk>
<indexState>Primary Constraint</indexState>
<isSurrogateKey>false</isSurrogateKey>
<indexColumnUsage>
<colUsage columnID="5A0D2D4E-24E9-3B2C-E47F-27D078B360EC"/>
</indexColumnUsage>
</ind_PK_UK>
<ind_PK_UK id="5EC063CD-B2D8-C6F5-2824-C18131C736D2" name="CORE_USUARIO_UK0">
<sourceDDLFile>mer jcn.sql</sourceDDLFile>
<createdBy>dani</createdBy>
<createdTime>2025-04-17 21:04:24 UTC</createdTime>
<ownerDesignName>MER JCN</ownerDesignName>
<importedID>93FEF5F3-7976-71F3-7341-5ABBEF564B55</importedID>
<indexState>Unique Constraint</indexState>
<isSurrogateKey>false</isSurrogateKey>
<indexColumnUsage>
<colUsage columnID="13D0DC14-DC39-9211-DC98-7BF7833282F1"/>
</indexColumnUsage>
</ind_PK_UK>
<ind_PK_UK id="8347F8EF-081B-7B05-D2A6-243F0FE05B46" name="CORE_USUARIO_UK1">
<sourceDDLFile>mer jcn.sql</sourceDDLFile>
<createdBy>dani</createdBy>
<createdTime>2025-04-17 21:04:24 UTC</createdTime>
<ownerDesignName>MER JCN</ownerDesignName>
<importedID>FA61F5CD-21F4-DE50-C7A7-F0877E2FC61E</importedID>
<indexState>Unique Constraint</indexState>
<isSurrogateKey>false</isSurrogateKey>
<indexColumnUsage>
<colUsage columnID="D05DCB1C-31B6-DBE3-0CBE-CFF508372662"/>
</indexColumnUsage>
</ind_PK_UK>
</indexes>
</Table>