<?xml version = '1.0' encoding = 'UTF-8'?>
<Table class="oracle.dbtools.crest.model.design.relational.Table" directorySegmentName="seg_0" id="DFF8AC81-8E56-29F6-E8C4-4223F9A827AC" schemaObject="0E3A7E8A-760C-A8BE-F932-7FE8652DBCE8" name="CORE_PEDIDO">
<sourceDDLFile>mer jcn.sql</sourceDDLFile>
<createdBy>dani</createdBy>
<createdTime>2025-04-17 21:04:24 UTC</createdTime>
<ownerDesignName>MER JCN</ownerDesignName>
<importedID>B6D9EA1C-2278-E99D-B9A4-4C2204DE44EE</importedID>
<allowColumnReorder>false</allowColumnReorder>
<existDependencyGenerateInDDl>true</existDependencyGenerateInDDl>
<parsed>true</parsed>
<columns itemClass="oracle.dbtools.crest.model.design.relational.Column">
<Column name="ID" id="EF84F3C4-3DB3-61C3-82A4-64A5BFD99A2D">
<sourceDDLFile>mer jcn.sql</sourceDDLFile>
<createdBy>dani</createdBy>
<createdTime>2025-04-17 21:04:24 UTC</createdTime>
<ownerDesignName>MER JCN</ownerDesignName>
<importedID>DD445966-CCBE-0C9C-B53E-272D587F8069</importedID>
<use>0</use>
<logicalDatatype>LOGDT019</logicalDatatype>
<domain>A7958579-CD8C-1BEC-A26E-802873BA41A7</domain>
<ownDataTypeParameters>,,</ownDataTypeParameters>
<autoIncrementColumn>true</autoIncrementColumn>
<identityColumn>true</identityColumn>
<defaultOntNull>true</defaultOntNull>
<autoIncrementCycle>false</autoIncrementCycle>
<autoIncrementOrder>false</autoIncrementOrder>
</Column>
<Column name="USUARIO_ID" id="504B778C-1B3D-8123-4BC3-681F42C4DEFE">
<sourceDDLFile>mer jcn.sql</sourceDDLFile>
<createdBy>dani</createdBy>
<createdTime>2025-04-17 21:04:24 UTC</createdTime>
<ownerDesignName>MER JCN</ownerDesignName>
<importedID>781517C0-954B-3C88-1A4C-2A1D7A6BC5C8</importedID>
<nullsAllowed>true</nullsAllowed>
<use>0</use>
<logicalDatatype>LOGDT019</logicalDatatype>
<domain>A7958579-CD8C-1BEC-A26E-802873BA41A7</domain>
<ownDataTypeParameters>,,</ownDataTypeParameters>
<autoIncrementCycle>false</autoIncrementCycle>
<associations>
<colAssociation fkAssociation="7B735F10-8D2B-A907-2941-97ACA02BF0F2" referredColumn="5A0D2D4E-24E9-3B2C-E47F-27D078B360EC"/>
</associations>
</Column>
<Column name="FECHA_PEDIDO" id="AFDFBC25-D615-2DFB-198C-1CEF3CCC5AAC">
<sourceDDLFile>mer jcn.sql</sourceDDLFile>
<createdBy>dani</createdBy>
<createdTime>2025-04-17 21:04:24 UTC</createdTime>
<ownerDesignName>MER JCN</ownerDesignName>
<importedID>0EEF694E-21EE-BBFC-5AA0-15AD1E866A27</importedID>
<use>0</use>
<logicalDatatype>LOGDT007</logicalDatatype>
<domain>385D6A53-73F7-4414-FB58-DC17AD860804</domain>
<ownDataTypeParameters>,,</ownDataTypeParameters>
<autoIncrementCycle>false</autoIncrementCycle>
</Column>
<Column name="ESTADO" id="6BD706E6-E2C6-1A2C-E6E3-0B501A88EC57">
<sourceDDLFile>mer jcn.sql</sourceDDLFile>
<createdBy>dani</createdBy>
<createdTime>2025-04-17 21:04:24 UTC</createdTime>
<ownerDesignName>MER JCN</ownerDesignName>
<importedID>C580B929-CC09-D33F-3017-C78E18E9A2B8</importedID>
<nullsAllowed>true</nullsAllowed>
<useDomainConstraints>false</useDomainConstraints>
<use>0</use>
<logicalDatatype>LOGDT024</logicalDatatype>
<domain>88D6318D-1E62-E84F-307B-61BD83AA9DB2</domain>
<listOfValues>
<valueDef value="en proceso" description=""/>
<valueDef value="entregado" description=""/>
<valueDef value="enviado" description=""/>
<valueDef value="pendiente" description=""/>
</listOfValues>
<ownDataTypeParameters>,,</ownDataTypeParameters>
<autoIncrementCycle>false</autoIncrementCycle>
</Column>
<Column name="TOTAL" id="8BDAA6F3-4319-8A82-340A-059E1EA29F4D">
<sourceDDLFile>mer jcn.sql</sourceDDLFile>
<createdBy>dani</createdBy>
<createdTime>2025-04-17 21:04:24 UTC</createdTime>
<ownerDesignName>MER JCN</ownerDesignName>
<importedID>0EE5768F-A9BF-DA18-DA37-01382AF93917</importedID>
<use>0</use>
<logicalDatatype>LOGDT019</logicalDatatype>
<domain>E41E5FDE-1E0C-95BA-BB42-A9AD92ED62FE</domain>
<ownDataTypeParameters>,,</ownDataTypeParameters>
<autoIncrementCycle>false</autoIncrementCycle>
</Column>
</columns>
<indexes itemClass="oracle.dbtools.crest.model.design.relational.Index">
<ind_PK_UK id="2289E1EF-6C9C-58FD-74E6-4C3C21F2FF3B" name="CORE_PEDIDO_PK">
<sourceDDLFile>mer jcn.sql</sourceDDLFile>
<createdBy>dani</createdBy>
<createdTime>2025-04-17 21:04:24 UTC</createdTime>
<ownerDesignName>MER JCN</ownerDesignName>
<importedID>2FF668D4-8D64-AD8F-731A-CC24A8EF09AA</importedID>
<pk>true</pk>
<indexState>Primary Constraint</indexState>
<isSurrogateKey>false</isSurrogateKey>
<indexColumnUsage>
<colUsage columnID="EF84F3C4-3DB3-61C3-82A4-64A5BFD99A2D"/>
</indexColumnUsage>
</ind_PK_UK>
<ind_PK_UK id="73CB7660-618B-7E49-8E68-11006BBD162A" name="FK_USUARIO_PEDIDO">
<createdBy>dani</createdBy>
<createdTime>2025-04-17 21:04:24 UTC</createdTime>
<ownerDesignName>MER JCN</ownerDesignName>
<indexState>Foreign Key</indexState>
<isSurrogateKey>false</isSurrogateKey>
<indexColumnUsage>
<colUsage columnID="504B778C-1B3D-8123-4BC3-681F42C4DEFE"/>
</indexColumnUsage>
</ind_PK_UK>
</indexes>
</Table>