<?xml version = '1.0' encoding = 'UTF-8'?>
<TableProxyOraclev20c class="oracle.dbtools.crest.model.design.storage.oracle.v20c.TableProxyOraclev20c" name="CORE_CART" directorySegmentName="seg_0" id="A22D3AF2-90EF-412E-3417-9B3A6EC9B88F">
<createdBy>dani</createdBy>
<createdTime>2025-04-17 21:04:24 UTC</createdTime>
<ownerDesignName>MER JCN</ownerDesignName>
<schemaObject>0E3A7E8A-760C-A8BE-F932-7FE8652DBCE8</schemaObject>
<logging>YES</logging>
<partitionedRowMovement>DISABLE</partitionedRowMovement>
<segment>01BF3710-54BD-2E6C-1D7B-63A61C4130CD</segment>
<tableSpace>801D9852-28F6-B4AC-E8F4-2BC59D47BD31</tableSpace>
<temporaryChanged>false</temporaryChanged>
<accessDriverType>oracle_loader</accessDriverType>
<rejectLimit></rejectLimit>
<columnProxies itemClass="oracle.dbtools.crest.model.design.storage.oracle.v12c.ColumnProxyOraclev12c">
<ColumnProxy name="USUARIO_ID" id="2F63E6D6-9A10-04AF-D3CD-1532C1088671">
<createdBy>dani</createdBy>
<createdTime>2025-04-17 21:04:24 UTC</createdTime>
<ownerDesignName>MER JCN</ownerDesignName>
</ColumnProxy>
<ColumnProxy name="CANTIDAD" id="9A861C93-87BE-CFA1-AF57-DA11D289AB0D">
<createdBy>dani</createdBy>
<createdTime>2025-04-17 21:04:24 UTC</createdTime>
<ownerDesignName>MER JCN</ownerDesignName>
</ColumnProxy>
<ColumnProxy name="JUEGO_ID" id="C8A56882-8BF9-5E1B-1C30-BB22316E9AA8">
<createdBy>dani</createdBy>
<createdTime>2025-04-17 21:04:24 UTC</createdTime>
<ownerDesignName>MER JCN</ownerDesignName>
</ColumnProxy>
<ColumnProxy name="ID" id="F473FA6B-D608-574E-0DB3-CBE0F6D8F1F0">
<createdBy>dani</createdBy>
<createdTime>2025-04-17 21:04:24 UTC</createdTime>
<ownerDesignName>MER JCN</ownerDesignName>
<autoIncrementDDL>IDENTITY_CLAUSE</autoIncrementDDL>
</ColumnProxy>
</columnProxies>
<foreignKeys>
<ForeignKey class="oracle.dbtools.crest.model.design.storage.oracle.v10g.FKProxyOraclev10g" name="FK_JUEGO_CART" id="1D3C245E-DB85-3A34-605D-64AD440A3635">
<createdBy>dani</createdBy>
<createdTime>2025-04-17 21:04:24 UTC</createdTime>
<ownerDesignName>MER JCN</ownerDesignName>
</ForeignKey>
<ForeignKey class="oracle.dbtools.crest.model.design.storage.oracle.v10g.FKProxyOraclev10g" name="FK_USUARIO_CART" id="DF00199E-3E3F-5329-E1A6-5387439972B4">
<createdBy>dani</createdBy>
<createdTime>2025-04-17 21:04:24 UTC</createdTime>
<ownerDesignName>MER JCN</ownerDesignName>
</ForeignKey>
</foreignKeys>
<primaryKeys>
<PrimaryKey class="oracle.dbtools.crest.model.design.storage.oracle.v10g.PKProxyOraclev10g" name="CORE_CART_PK" id="64CAA8DD-0EA9-7C34-D13D-CEDFFD9AC73E">
<createdBy>dani</createdBy>
<createdTime>2025-04-17 21:04:24 UTC</createdTime>
<ownerDesignName>MER JCN</ownerDesignName>
<logging></logging>
<segment>9523DDBD-1A38-6625-5C34-486D7ABA92ED</segment>
<tableSpace>801D9852-28F6-B4AC-E8F4-2BC59D47BD31</tableSpace>
<indexSegment>9523DDBD-1A38-6625-5C34-486D7ABA92ED</indexSegment>
<indexSort>SORTED</indexSort>
<usingIndex>BY INDEX NAME</usingIndex>
</PrimaryKey>
</primaryKeys>
</TableProxyOraclev20c>