<?xml version = '1.0' encoding = 'UTF-8'?>
<TableProxyOraclev20c class="oracle.dbtools.crest.model.design.storage.oracle.v20c.TableProxyOraclev20c" name="CORE_CATEGORIA" directorySegmentName="seg_0" id="BA1D9E77-A65D-C0F3-D2B5-6114E2232B6F">
<createdBy>dani</createdBy>
<createdTime>2025-04-17 21:04:24 UTC</createdTime>
<ownerDesignName>MER JCN</ownerDesignName>
<schemaObject>0E3A7E8A-760C-A8BE-F932-7FE8652DBCE8</schemaObject>
<logging>YES</logging>
<partitionedRowMovement>DISABLE</partitionedRowMovement>
<segment>01BF3710-54BD-2E6C-1D7B-63A61C4130CD</segment>
<tableSpace>801D9852-28F6-B4AC-E8F4-2BC59D47BD31</tableSpace>
<temporaryChanged>false</temporaryChanged>
<accessDriverType>oracle_loader</accessDriverType>
<rejectLimit></rejectLimit>
<columnProxies itemClass="oracle.dbtools.crest.model.design.storage.oracle.v12c.ColumnProxyOraclev12c">
<ColumnProxy name="DESCRIPCION" id="488FAF16-1C0E-476A-A07C-2F7A714CDEF2">
<createdBy>dani</createdBy>
<createdTime>2025-04-17 21:04:24 UTC</createdTime>
<ownerDesignName>MER JCN</ownerDesignName>
</ColumnProxy>
<ColumnProxy name="LEMA" id="6D82BB01-59D5-6B8C-3FA8-4DA22DB01A0B">
<createdBy>dani</createdBy>
<createdTime>2025-04-17 21:04:24 UTC</createdTime>
<ownerDesignName>MER JCN</ownerDesignName>
</ColumnProxy>
<ColumnProxy name="ID" id="A1FC99E1-0D43-3247-BC18-C055F24E7187">
<createdBy>dani</createdBy>
<createdTime>2025-04-17 21:04:24 UTC</createdTime>
<ownerDesignName>MER JCN</ownerDesignName>
<autoIncrementDDL>IDENTITY_CLAUSE</autoIncrementDDL>
</ColumnProxy>
<ColumnProxy name="TITULO" id="D2A3EF18-5E66-44AA-4AA2-2583DCE1A6B8">
<createdBy>dani</createdBy>
<createdTime>2025-04-17 21:04:24 UTC</createdTime>
<ownerDesignName>MER JCN</ownerDesignName>
</ColumnProxy>
<ColumnProxy name="NOMBRE" id="F61ECE42-CD23-2DB6-0860-9E74C861DB44">
<createdBy>dani</createdBy>
<createdTime>2025-04-17 21:04:24 UTC</createdTime>
<ownerDesignName>MER JCN</ownerDesignName>
</ColumnProxy>
<ColumnProxy name="IMAGEN" id="FCC7A56C-183E-6CD9-1428-37231171FF70">
<createdBy>dani</createdBy>
<createdTime>2025-04-17 21:04:24 UTC</createdTime>
<ownerDesignName>MER JCN</ownerDesignName>
</ColumnProxy>
</columnProxies>
<primaryKeys>
<PrimaryKey class="oracle.dbtools.crest.model.design.storage.oracle.v10g.PKProxyOraclev10g" name="CORE_CATEGORIA_PK" id="F513CC36-131E-F73F-31E6-C7B33019DE61">
<createdBy>dani</createdBy>
<createdTime>2025-04-17 21:04:24 UTC</createdTime>
<ownerDesignName>MER JCN</ownerDesignName>
<logging></logging>
<segment>9523DDBD-1A38-6625-5C34-486D7ABA92ED</segment>
<tableSpace>801D9852-28F6-B4AC-E8F4-2BC59D47BD31</tableSpace>
<indexSegment>9523DDBD-1A38-6625-5C34-486D7ABA92ED</indexSegment>
<indexSort>SORTED</indexSort>
<usingIndex>BY INDEX NAME</usingIndex>
</PrimaryKey>
</primaryKeys>
</TableProxyOraclev20c>