<?xml version = '1.0' encoding = 'UTF-8'?>
<TableProxyOraclev20c class="oracle.dbtools.crest.model.design.storage.oracle.v20c.TableProxyOraclev20c" name="CORE_USUARIO" directorySegmentName="seg_0" id="BAB287DE-69FC-D57A-A7AF-20B0D2D9CE2C">
<createdBy>dani</createdBy>
<createdTime>2025-04-17 21:04:24 UTC</createdTime>
<ownerDesignName>MER JCN</ownerDesignName>
<schemaObject>0E3A7E8A-760C-A8BE-F932-7FE8652DBCE8</schemaObject>
<logging>YES</logging>
<partitionedRowMovement>DISABLE</partitionedRowMovement>
<segment>01BF3710-54BD-2E6C-1D7B-63A61C4130CD</segment>
<tableSpace>801D9852-28F6-B4AC-E8F4-2BC59D47BD31</tableSpace>
<temporaryChanged>false</temporaryChanged>
<accessDriverType>oracle_loader</accessDriverType>
<rejectLimit></rejectLimit>
<columnProxies itemClass="oracle.dbtools.crest.model.design.storage.oracle.v12c.ColumnProxyOraclev12c">
<ColumnProxy name="NOMBRE_USUARIO" id="13D0DC14-DC39-9211-DC98-7BF7833282F1">
<createdBy>dani</createdBy>
<createdTime>2025-04-17 21:04:24 UTC</createdTime>
<ownerDesignName>MER JCN</ownerDesignName>
</ColumnProxy>
<ColumnProxy name="NOMBRE_COMPLETO" id="4BAECC8B-B442-7F1E-EE30-777FA6879FD7">
<createdBy>dani</createdBy>
<createdTime>2025-04-17 21:04:24 UTC</createdTime>
<ownerDesignName>MER JCN</ownerDesignName>
</ColumnProxy>
<ColumnProxy name="ID" id="5A0D2D4E-24E9-3B2C-E47F-27D078B360EC">
<createdBy>dani</createdBy>
<createdTime>2025-04-17 21:04:24 UTC</createdTime>
<ownerDesignName>MER JCN</ownerDesignName>
<autoIncrementDDL>IDENTITY_CLAUSE</autoIncrementDDL>
</ColumnProxy>
<ColumnProxy name="ROL" id="7E1DFD8D-B66A-10E5-D676-39AEB21A9111">
<createdBy>dani</createdBy>
<createdTime>2025-04-17 21:04:24 UTC</createdTime>
<ownerDesignName>MER JCN</ownerDesignName>
</ColumnProxy>
<ColumnProxy name="FECHA_NACIMIENTO" id="9B0B4FDE-04C5-DD9E-58BE-2D3C047DBD16">
<createdBy>dani</createdBy>
<createdTime>2025-04-17 21:04:24 UTC</createdTime>
<ownerDesignName>MER JCN</ownerDesignName>
</ColumnProxy>
<ColumnProxy name="CONTRASENA" id="A9995874-E294-81AB-BC35-827D7144A542">
<createdBy>dani</createdBy>
<createdTime>2025-04-17 21:04:24 UTC</createdTime>
<ownerDesignName>MER JCN</ownerDesignName>
</ColumnProxy>
<ColumnProxy name="DIRECCION_DESPACHO" id="BD763AAD-1E55-2BFF-C639-E1BEF82670F3">
<createdBy>dani</createdBy>
<createdTime>2025-04-17 21:04:24 UTC</createdTime>
<ownerDesignName>MER JCN</ownerDesignName>
</ColumnProxy>
<ColumnProxy name="CORREO_ELECTRONICO" id="D05DCB1C-31B6-DBE3-0CBE-CFF508372662">
<createdBy>dani</createdBy>
<createdTime>2025-04-17 21:04:24 UTC</createdTime>
<ownerDesignName>MER JCN</ownerDesignName>
</ColumnProxy>
</columnProxies>
<primaryKeys>
<PrimaryKey class="oracle.dbtools.crest.model.design.storage.oracle.v10g.PKProxyOraclev10g" name="CORE_USUARIO_PK" id="67FB48F8-F11A-484E-50C0-EABB4AAC82B0">
<createdBy>dani</createdBy>
<createdTime>2025-04-17 21:04:24 UTC</createdTime>
<ownerDesignName>MER JCN</ownerDesignName>
<logging></logging>
<segment>9523DDBD-1A38-6625-5C34-486D7ABA92ED</segment>
<tableSpace>801D9852-28F6-B4AC-E8F4-2BC59D47BD31</tableSpace>
<indexSegment>9523DDBD-1A38-6625-5C34-486D7ABA92ED</indexSegment>
<indexSort>SORTED</indexSort>
<usingIndex>BY INDEX NAME</usingIndex>
</PrimaryKey>
</primaryKeys>
<uniqueKeys>
<UniqueKey class="oracle.dbtools.crest.model.design.storage.oracle.v10g.UniqueOraclev10g" name="CORE_USUARIO_UK0" id="5EC063CD-B2D8-C6F5-2824-C18131C736D2">
<createdBy>dani</createdBy>
<createdTime>2025-04-17 21:04:24 UTC</createdTime>
<ownerDesignName>MER JCN</ownerDesignName>
<logging></logging>
<segment>9523DDBD-1A38-6625-5C34-486D7ABA92ED</segment>
<tableSpace>801D9852-28F6-B4AC-E8F4-2BC59D47BD31</tableSpace>
<indexSegment>9523DDBD-1A38-6625-5C34-486D7ABA92ED</indexSegment>
<indexSort>SORTED</indexSort>
<usingIndex>BY INDEX NAME</usingIndex>
</UniqueKey>
<UniqueKey class="oracle.dbtools.crest.model.design.storage.oracle.v10g.UniqueOraclev10g" name="CORE_USUARIO_UK1" id="8347F8EF-081B-7B05-D2A6-243F0FE05B46">
<createdBy>dani</createdBy>
<createdTime>2025-04-17 21:04:24 UTC</createdTime>
<ownerDesignName>MER JCN</ownerDesignName>
<logging></logging>
<segment>9523DDBD-1A38-6625-5C34-486D7ABA92ED</segment>
<tableSpace>801D9852-28F6-B4AC-E8F4-2BC59D47BD31</tableSpace>
<indexSegment>9523DDBD-1A38-6625-5C34-486D7ABA92ED</indexSegment>
<indexSort>SORTED</indexSort>
<usingIndex>BY INDEX NAME</usingIndex>
</UniqueKey>
</uniqueKeys>
</TableProxyOraclev20c>