<?xml version = '1.0' encoding = 'UTF-8'?>
<TableProxyOraclev20c class="oracle.dbtools.crest.model.design.storage.oracle.v20c.TableProxyOraclev20c" name="CORE_PEDIDO" directorySegmentName="seg_0" id="DFF8AC81-8E56-29F6-E8C4-4223F9A827AC">
<createdBy>dani</createdBy>
<createdTime>2025-04-17 21:04:24 UTC</createdTime>
<ownerDesignName>MER JCN</ownerDesignName>
<schemaObject>0E3A7E8A-760C-A8BE-F932-7FE8652DBCE8</schemaObject>
<logging>YES</logging>
<partitionedRowMovement>DISABLE</partitionedRowMovement>
<segment>01BF3710-54BD-2E6C-1D7B-63A61C4130CD</segment>
<tableSpace>801D9852-28F6-B4AC-E8F4-2BC59D47BD31</tableSpace>
<temporaryChanged>false</temporaryChanged>
<accessDriverType>oracle_loader</accessDriverType>
<rejectLimit></rejectLimit>
<columnProxies itemClass="oracle.dbtools.crest.model.design.storage.oracle.v12c.ColumnProxyOraclev12c">
<ColumnProxy name="USUARIO_ID" id="504B778C-1B3D-8123-4BC3-681F42C4DEFE">
<createdBy>dani</createdBy>
<createdTime>2025-04-17 21:04:24 UTC</createdTime>
<ownerDesignName>MER JCN</ownerDesignName>
</ColumnProxy>
<ColumnProxy name="ESTADO" id="6BD706E6-E2C6-1A2C-E6E3-0B501A88EC57">
<createdBy>dani</createdBy>
<createdTime>2025-04-17 21:04:24 UTC</createdTime>
<ownerDesignName>MER JCN</ownerDesignName>
</ColumnProxy>
<ColumnProxy name="TOTAL" id="8BDAA6F3-4319-8A82-340A-059E1EA29F4D">
<createdBy>dani</createdBy>
<createdTime>2025-04-17 21:04:24 UTC</createdTime>
<ownerDesignName>MER JCN</ownerDesignName>
</ColumnProxy>
<ColumnProxy name="FECHA_PEDIDO" id="AFDFBC25-D615-2DFB-198C-1CEF3CCC5AAC">
<createdBy>dani</createdBy>
<createdTime>2025-04-17 21:04:24 UTC</createdTime>
<ownerDesignName>MER JCN</ownerDesignName>
</ColumnProxy>
<ColumnProxy name="ID" id="EF84F3C4-3DB3-61C3-82A4-64A5BFD99A2D">
<createdBy>dani</createdBy>
<createdTime>2025-04-17 21:04:24 UTC</createdTime>
<ownerDesignName>MER JCN</ownerDesignName>
<autoIncrementDDL>IDENTITY_CLAUSE</autoIncrementDDL>
</ColumnProxy>
</columnProxies>
<foreignKeys>
<ForeignKey class="oracle.dbtools.crest.model.design.storage.oracle.v10g.FKProxyOraclev10g" name="FK_USUARIO_PEDIDO" id="73CB7660-618B-7E49-8E68-11006BBD162A">
<createdBy>dani</createdBy>
<createdTime>2025-04-17 21:04:24 UTC</createdTime>
<ownerDesignName>MER JCN</ownerDesignName>
</ForeignKey>
</foreignKeys>
<primaryKeys>
<PrimaryKey class="oracle.dbtools.crest.model.design.storage.oracle.v10g.PKProxyOraclev10g" name="CORE_PEDIDO_PK" id="2289E1EF-6C9C-58FD-74E6-4C3C21F2FF3B">
<createdBy>dani</createdBy>
<createdTime>2025-04-17 21:04:24 UTC</createdTime>
<ownerDesignName>MER JCN</ownerDesignName>
<logging></logging>
<segment>9523DDBD-1A38-6625-5C34-486D7ABA92ED</segment>
<tableSpace>801D9852-28F6-B4AC-E8F4-2BC59D47BD31</tableSpace>
<indexSegment>9523DDBD-1A38-6625-5C34-486D7ABA92ED</indexSegment>
<indexSort>SORTED</indexSort>
<usingIndex>BY INDEX NAME</usingIndex>
</PrimaryKey>
</primaryKeys>
</TableProxyOraclev20c>