<?xml version = '1.0' encoding = 'UTF-8'?>
<FKIndexAssociation class="oracle.dbtools.crest.model.design.relational.FKIndexAssociation" directorySegmentName="seg_0" id="0C3A15A2-6461-7D66-9E29-839E89493EA3" containerWithKeyObject="29A00893-8516-49B9-FA60-649457292016" localFKIndex="FF263322-8E83-D240-E2A4-CBE20CA8963E" name="FK_USUARIO_FAVORITO">
<sourceDDLFile>mer jcn.sql</sourceDDLFile>
<createdBy>dani</createdBy>
<createdTime>2025-04-17 21:04:24 UTC</createdTime>
<ownerDesignName>MER JCN</ownerDesignName>
<importedID>35B09FE6-5E9D-E2A5-51AC-651FADB48A6F</importedID>
<referredTableLongName>ADMIN_JCN2.CORE_USUARIO</referredTableLongName>
<deleteRule>CASCADE</deleteRule>
<referredTableID>BAB287DE-69FC-D57A-A7AF-20B0D2D9CE2C</referredTableID>
<keyObject>67FB48F8-F11A-484E-50C0-EABB4AAC82B0</keyObject>
<referredKeyID>67FB48F8-F11A-484E-50C0-EABB4AAC82B0</referredKeyID>
<mandatory>false</mandatory>
<refColNames>ID</refColNames>
<transferable>true</transferable>
<rely>false</rely>
<columnDependencyConstraintGenerateInDDL>true</columnDependencyConstraintGenerateInDDL>
</FKIndexAssociation>