<?xml version = '1.0' encoding = 'UTF-8'?>
<FKIndexAssociation class="oracle.dbtools.crest.model.design.relational.FKIndexAssociation" directorySegmentName="seg_0" id="7B0DA038-E814-2400-DDC3-F169A92CD28D" containerWithKeyObject="A3074872-A402-1066-5F00-F5632F805728" localFKIndex="9AEBF8A8-9EE5-5596-2053-FB56A7991CF7" name="FK_JUEGO_COMENTARIO">
<sourceDDLFile>mer jcn.sql</sourceDDLFile>
<createdBy>dani</createdBy>
<createdTime>2025-04-17 21:04:24 UTC</createdTime>
<ownerDesignName>MER JCN</ownerDesignName>
<importedID>6BB90C5C-24AE-E142-3538-9175D7E6FE71</importedID>
<referredTableLongName>ADMIN_JCN2.CORE_JUEGO</referredTableLongName>
<deleteRule>CASCADE</deleteRule>
<referredTableID>38551AB8-BB1B-047E-3428-372C9502F6BB</referredTableID>
<keyObject>2316DA1A-DDD1-DCB1-AD80-9799342C200C</keyObject>
<referredKeyID>2316DA1A-DDD1-DCB1-AD80-9799342C200C</referredKeyID>
<mandatory>false</mandatory>
<refColNames>ID</refColNames>
<transferable>true</transferable>
<rely>false</rely>
<columnDependencyConstraintGenerateInDDL>true</columnDependencyConstraintGenerateInDDL>
</FKIndexAssociation>