<?xml version = '1.0' encoding = 'UTF-8'?>
<FKIndexAssociation class="oracle.dbtools.crest.model.design.relational.FKIndexAssociation" directorySegmentName="seg_0" id="7B735F10-8D2B-A907-2941-97ACA02BF0F2" containerWithKeyObject="DFF8AC81-8E56-29F6-E8C4-4223F9A827AC" localFKIndex="73CB7660-618B-7E49-8E68-11006BBD162A" name="FK_USUARIO_PEDIDO">
<sourceDDLFile>mer jcn.sql</sourceDDLFile>
<createdBy>dani</createdBy>
<createdTime>2025-04-17 21:04:24 UTC</createdTime>
<ownerDesignName>MER JCN</ownerDesignName>
<importedID>0EA56AAC-18F6-FA72-3382-0DCA57184F35</importedID>
<referredTableLongName>ADMIN_JCN2.CORE_USUARIO</referredTableLongName>
<deleteRule>CASCADE</deleteRule>
<referredTableID>BAB287DE-69FC-D57A-A7AF-20B0D2D9CE2C</referredTableID>
<keyObject>67FB48F8-F11A-484E-50C0-EABB4AAC82B0</keyObject>
<referredKeyID>67FB48F8-F11A-484E-50C0-EABB4AAC82B0</referredKeyID>
<mandatory>false</mandatory>
<refColNames>ID</refColNames>
<transferable>true</transferable>
<rely>false</rely>
<columnDependencyConstraintGenerateInDDL>true</columnDependencyConstraintGenerateInDDL>
</FKIndexAssociation>