<?xml version = '1.0' encoding = 'UTF-8'?>
<FKIndexAssociation class="oracle.dbtools.crest.model.design.relational.FKIndexAssociation" directorySegmentName="seg_0" id="7BD44644-DD2D-F99B-7523-57A097A99EB1" containerWithKeyObject="29A00893-8516-49B9-FA60-649457292016" localFKIndex="9C661F6D-E2D6-F355-B1FE-F4B5EF33F5B5" name="FK_JUEGO_FAVORITO">
<sourceDDLFile>mer jcn.sql</sourceDDLFile>
<createdBy>dani</createdBy>
<createdTime>2025-04-17 21:04:24 UTC</createdTime>
<ownerDesignName>MER JCN</ownerDesignName>
<importedID>F2E7197E-900E-074A-50B4-793B78EC7865</importedID>
<referredTableLongName>ADMIN_JCN2.CORE_JUEGO</referredTableLongName>
<deleteRule>CASCADE</deleteRule>
<referredTableID>38551AB8-BB1B-047E-3428-372C9502F6BB</referredTableID>
<keyObject>2316DA1A-DDD1-DCB1-AD80-9799342C200C</keyObject>
<referredKeyID>2316DA1A-DDD1-DCB1-AD80-9799342C200C</referredKeyID>
<mandatory>false</mandatory>
<refColNames>ID</refColNames>
<transferable>true</transferable>
<rely>false</rely>
<columnDependencyConstraintGenerateInDDL>true</columnDependencyConstraintGenerateInDDL>
</FKIndexAssociation>