<?xml version = '1.0' encoding = 'UTF-8'?>
<FKIndexAssociation class="oracle.dbtools.crest.model.design.relational.FKIndexAssociation" directorySegmentName="seg_0" id="851F216F-7911-4F5B-CF8F-801F2563E74B" containerWithKeyObject="A22D3AF2-90EF-412E-3417-9B3A6EC9B88F" localFKIndex="DF00199E-3E3F-5329-E1A6-5387439972B4" name="FK_USUARIO_CART">
<sourceDDLFile>mer jcn.sql</sourceDDLFile>
<createdBy>dani</createdBy>
<createdTime>2025-04-17 21:04:24 UTC</createdTime>
<ownerDesignName>MER JCN</ownerDesignName>
<importedID>66C0B514-0A57-73D1-C324-532D8133BCA6</importedID>
<referredTableLongName>ADMIN_JCN2.CORE_USUARIO</referredTableLongName>
<deleteRule>CASCADE</deleteRule>
<referredTableID>BAB287DE-69FC-D57A-A7AF-20B0D2D9CE2C</referredTableID>
<keyObject>67FB48F8-F11A-484E-50C0-EABB4AAC82B0</keyObject>
<referredKeyID>67FB48F8-F11A-484E-50C0-EABB4AAC82B0</referredKeyID>
<mandatory>false</mandatory>
<refColNames>ID</refColNames>
<transferable>true</transferable>
<rely>false</rely>
<columnDependencyConstraintGenerateInDDL>true</columnDependencyConstraintGenerateInDDL>
</FKIndexAssociation>