<?xml version = '1.0' encoding = 'UTF-8'?>
<FKIndexAssociation class="oracle.dbtools.crest.model.design.relational.FKIndexAssociation" directorySegmentName="seg_0" id="8C732E73-22D3-163C-80A3-12E322424C9D" containerWithKeyObject="0B92642A-E585-AFAF-CFB3-11F94C93735C" localFKIndex="03FC0BAF-7E89-B5F3-8967-C5FA49C7B7C4" name="FK_JUEGO_DETALLE">
<sourceDDLFile>mer jcn.sql</sourceDDLFile>
<createdBy>dani</createdBy>
<createdTime>2025-04-17 21:04:24 UTC</createdTime>
<ownerDesignName>MER JCN</ownerDesignName>
<importedID>DE388698-C5FC-C315-56C6-9F706997F3BB</importedID>
<referredTableLongName>ADMIN_JCN2.CORE_JUEGO</referredTableLongName>
<deleteRule>CASCADE</deleteRule>
<referredTableID>38551AB8-BB1B-047E-3428-372C9502F6BB</referredTableID>
<keyObject>2316DA1A-DDD1-DCB1-AD80-9799342C200C</keyObject>
<referredKeyID>2316DA1A-DDD1-DCB1-AD80-9799342C200C</referredKeyID>
<mandatory>false</mandatory>
<refColNames>ID</refColNames>
<transferable>true</transferable>
<rely>false</rely>
<columnDependencyConstraintGenerateInDDL>true</columnDependencyConstraintGenerateInDDL>
</FKIndexAssociation>