<?xml version = '1.0' encoding = 'UTF-8'?>
<FKIndexAssociation class="oracle.dbtools.crest.model.design.relational.FKIndexAssociation" directorySegmentName="seg_0" id="C8FDF013-A713-A160-2C6D-A6D133CB0A8B" containerWithKeyObject="A22D3AF2-90EF-412E-3417-9B3A6EC9B88F" localFKIndex="1D3C245E-DB85-3A34-605D-64AD440A3635" name="FK_JUEGO_CART">
<sourceDDLFile>mer jcn.sql</sourceDDLFile>
<createdBy>dani</createdBy>
<createdTime>2025-04-17 21:04:24 UTC</createdTime>
<ownerDesignName>MER JCN</ownerDesignName>
<importedID>7970CDC7-86BA-5E44-E7E4-970ACA61DD5E</importedID>
<referredTableLongName>ADMIN_JCN2.CORE_JUEGO</referredTableLongName>
<deleteRule>CASCADE</deleteRule>
<referredTableID>38551AB8-BB1B-047E-3428-372C9502F6BB</referredTableID>
<keyObject>2316DA1A-DDD1-DCB1-AD80-9799342C200C</keyObject>
<referredKeyID>2316DA1A-DDD1-DCB1-AD80-9799342C200C</referredKeyID>
<mandatory>false</mandatory>
<refColNames>ID</refColNames>
<transferable>true</transferable>
<rely>false</rely>
<columnDependencyConstraintGenerateInDDL>true</columnDependencyConstraintGenerateInDDL>
</FKIndexAssociation>