<?xml version = '1.0' encoding = 'UTF-8'?>
<FKIndexAssociation class="oracle.dbtools.crest.model.design.relational.FKIndexAssociation" directorySegmentName="seg_0" id="DC4607B6-9047-67A2-C7A6-88EC91DB7726" containerWithKeyObject="0B92642A-E585-AFAF-CFB3-11F94C93735C" localFKIndex="6FB87795-EF62-1AAE-B53A-D692279B66BA" name="FK_PEDIDO_DETALLE">
<sourceDDLFile>mer jcn.sql</sourceDDLFile>
<createdBy>dani</createdBy>
<createdTime>2025-04-17 21:04:24 UTC</createdTime>
<ownerDesignName>MER JCN</ownerDesignName>
<importedID>693C1F42-E486-07C0-85E6-3A6A23992148</importedID>
<referredTableLongName>ADMIN_JCN2.CORE_PEDIDO</referredTableLongName>
<deleteRule>CASCADE</deleteRule>
<referredTableID>DFF8AC81-8E56-29F6-E8C4-4223F9A827AC</referredTableID>
<keyObject>2289E1EF-6C9C-58FD-74E6-4C3C21F2FF3B</keyObject>
<referredKeyID>2289E1EF-6C9C-58FD-74E6-4C3C21F2FF3B</referredKeyID>
<mandatory>false</mandatory>
<refColNames>ID</refColNames>
<transferable>true</transferable>
<rely>false</rely>
<columnDependencyConstraintGenerateInDDL>true</columnDependencyConstraintGenerateInDDL>
</FKIndexAssociation>