<?xml version = '1.0' encoding = 'UTF-8'?>
<Table class="oracle.dbtools.crest.model.design.relational.Table" directorySegmentName="seg_0" id="29A00893-8516-49B9-FA60-649457292016" schemaObject="0E3A7E8A-760C-A8BE-F932-7FE8652DBCE8" name="CORE_FAVORITO">
<sourceDDLFile>mer jcn.sql</sourceDDLFile>
<createdBy>dani</createdBy>
<createdTime>2025-04-17 21:04:24 UTC</createdTime>
<ownerDesignName>MER JCN</ownerDesignName>
<importedID>3065A9EF-4BAF-0D97-2873-1DAC16E7B205</importedID>
<allowColumnReorder>false</allowColumnReorder>
<existDependencyGenerateInDDl>true</existDependencyGenerateInDDl>
<parsed>true</parsed>
<columns itemClass="oracle.dbtools.crest.model.design.relational.Column">
<Column name="ID" id="746C138E-BC69-2DC0-D6F3-EADDAB0905D6">
<sourceDDLFile>mer jcn.sql</sourceDDLFile>
<createdBy>dani</createdBy>
<createdTime>2025-04-17 21:04:24 UTC</createdTime>
<ownerDesignName>MER JCN</ownerDesignName>
<importedID>C4E3D1C2-70C5-B55A-E56A-0DC7B83BD717</importedID>
<use>0</use>
<logicalDatatype>LOGDT019</logicalDatatype>
<domain>A7958579-CD8C-1BEC-A26E-802873BA41A7</domain>
<ownDataTypeParameters>,,</ownDataTypeParameters>
<autoIncrementColumn>true</autoIncrementColumn>
<identityColumn>true</identityColumn>
<defaultOntNull>true</defaultOntNull>
<autoIncrementCycle>false</autoIncrementCycle>
<autoIncrementOrder>false</autoIncrementOrder>
</Column>
<Column name="USUARIO_ID" id="41E97CC2-0043-5D92-2ADA-5B73FA838507">
<sourceDDLFile>mer jcn.sql</sourceDDLFile>
<createdBy>dani</createdBy>
<createdTime>2025-04-17 21:04:24 UTC</createdTime>
<ownerDesignName>MER JCN</ownerDesignName>
<importedID>DA4347B6-0C64-55A2-6EAB-C63147600054</importedID>
<nullsAllowed>true</nullsAllowed>
<use>0</use>
<logicalDatatype>LOGDT019</logicalDatatype>
<domain>A7958579-CD8C-1BEC-A26E-802873BA41A7</domain>
<ownDataTypeParameters>,,</ownDataTypeParameters>
<autoIncrementCycle>false</autoIncrementCycle>
<associations>
<colAssociation fkAssociation="0C3A15A2-6461-7D66-9E29-839E89493EA3" referredColumn="5A0D2D4E-24E9-3B2C-E47F-27D078B360EC"/>
</associations>
</Column>
<Column name="JUEGO_ID" id="6DC8A093-961E-F06D-1CFE-6EC62C2C655F">
<sourceDDLFile>mer jcn.sql</sourceDDLFile>
<createdBy>dani</createdBy>
<createdTime>2025-04-17 21:04:24 UTC</createdTime>
<ownerDesignName>MER JCN</ownerDesignName>
<importedID>8D5F6D63-0EE1-ACD0-BD4C-67DFBA416321</importedID>
<nullsAllowed>true</nullsAllowed>
<use>0</use>
<logicalDatatype>LOGDT019</logicalDatatype>
<domain>A7958579-CD8C-1BEC-A26E-802873BA41A7</domain>
<ownDataTypeParameters>,,</ownDataTypeParameters>
<autoIncrementCycle>false</autoIncrementCycle>
<associations>
<colAssociation fkAssociation="7BD44644-DD2D-F99B-7523-57A097A99EB1" referredColumn="A7566214-2A48-D1A4-0B45-2E5E30927B36"/>
</associations>
</Column>
</columns>
<indexes itemClass="oracle.dbtools.crest.model.design.relational.Index">
<ind_PK_UK id="E8CB0B78-BAB1-C800-40CF-A87490C4F84E" name="CORE_FAVORITO_PK">
<sourceDDLFile>mer jcn.sql</sourceDDLFile>
<createdBy>dani</createdBy>
<createdTime>2025-04-17 21:04:24 UTC</createdTime>
<ownerDesignName>MER JCN</ownerDesignName>
<importedID>F468EF53-DF10-D082-D8B1-698F2F5F1AD7</importedID>
<pk>true</pk>
<indexState>Primary Constraint</indexState>
<isSurrogateKey>false</isSurrogateKey>
<indexColumnUsage>
<colUsage columnID="746C138E-BC69-2DC0-D6F3-EADDAB0905D6"/>
</indexColumnUsage>
</ind_PK_UK>
<ind_PK_UK id="9C661F6D-E2D6-F355-B1FE-F4B5EF33F5B5" name="FK_JUEGO_FAVORITO">
<createdBy>dani</createdBy>
<createdTime>2025-04-17 21:04:24 UTC</createdTime>
<ownerDesignName>MER JCN</ownerDesignName>
<indexState>Foreign Key</indexState>
<isSurrogateKey>false</isSurrogateKey>
<indexColumnUsage>
<colUsage columnID="6DC8A093-961E-F06D-1CFE-6EC62C2C655F"/>
</indexColumnUsage>
</ind_PK_UK>
<ind_PK_UK id="FF263322-8E83-D240-E2A4-CBE20CA8963E" name="FK_USUARIO_FAVORITO">
<createdBy>dani</createdBy>
<createdTime>2025-04-17 21:04:24 UTC</createdTime>
<ownerDesignName>MER JCN</ownerDesignName>
<indexState>Foreign Key</indexState>
<isSurrogateKey>false</isSurrogateKey>
<indexColumnUsage>
<colUsage columnID="41E97CC2-0043-5D92-2ADA-5B73FA838507"/>
</indexColumnUsage>
</ind_PK_UK>
</indexes>
</Table>
