<?xml version = '1.0' encoding = 'UTF-8'?>
<Table class="oracle.dbtools.crest.model.design.relational.Table" directorySegmentName="seg_0" id="38551AB8-BB1B-047E-3428-372C9502F6BB" schemaObject="0E3A7E8A-760C-A8BE-F932-7FE8652DBCE8" name="CORE_JUEGO">
<sourceDDLFile>mer jcn.sql</sourceDDLFile>
<createdBy>dani</createdBy>
<createdTime>2025-04-17 21:04:24 UTC</createdTime>
<ownerDesignName>MER JCN</ownerDesignName>
<importedID>F3815FE1-7B39-EFD2-C5E9-2514C7704B31</importedID>
<allowColumnReorder>false</allowColumnReorder>
<existDependencyGenerateInDDl>true</existDependencyGenerateInDDl>
<parsed>true</parsed>
<columns itemClass="oracle.dbtools.crest.model.design.relational.Column">
<Column name="ID" id="A7566214-2A48-D1A4-0B45-2E5E30927B36">
<sourceDDLFile>mer jcn.sql</sourceDDLFile>
<createdBy>dani</createdBy>
<createdTime>2025-04-17 21:04:24 UTC</createdTime>
<ownerDesignName>MER JCN</ownerDesignName>
<importedID>52898C8D-9127-B832-9F91-6ADA23566C04</importedID>
<use>0</use>
<logicalDatatype>LOGDT019</logicalDatatype>
<domain>A7958579-CD8C-1BEC-A26E-802873BA41A7</domain>
<ownDataTypeParameters>,,</ownDataTypeParameters>
<autoIncrementColumn>true</autoIncrementColumn>
<identityColumn>true</identityColumn>
<defaultOntNull>true</defaultOntNull>
<autoIncrementCycle>false</autoIncrementCycle>
<autoIncrementOrder>false</autoIncrementOrder>
</Column>
<Column name="NOMBRE" id="F4012DED-0A49-A1E4-2CA7-AE9DF5D6B04C">
<sourceDDLFile>mer jcn.sql</sourceDDLFile>
<createdBy>dani</createdBy>
<createdTime>2025-04-17 21:04:24 UTC</createdTime>
<ownerDesignName>MER JCN</ownerDesignName>
<importedID>9521B58B-DF23-2A10-1507-7976A2B17AC8</importedID>
<use>0</use>
<logicalDatatype>LOGDT024</logicalDatatype>
<domain>19490D3C-27FC-CD1F-20A8-C7D33831E6E9</domain>
<ownDataTypeParameters>,,</ownDataTypeParameters>
<autoIncrementCycle>false</autoIncrementCycle>
</Column>
<Column name="DESCRIPCION" id="FA07CEFA-F626-137D-E386-D410A80AC864">
<sourceDDLFile>mer jcn.sql</sourceDDLFile>
<createdBy>dani</createdBy>
<createdTime>2025-04-17 21:04:24 UTC</createdTime>
<ownerDesignName>MER JCN</ownerDesignName>
<importedID>F50BD85B-B8C4-6116-28EC-AF8696F45991</importedID>
<nullsAllowed>true</nullsAllowed>
<use>0</use>
<logicalDatatype>LOGDT024</logicalDatatype>
<domain>49F2DB16-67EE-B6BC-5190-45D2118EDEA7</domain>
<ownDataTypeParameters>,,</ownDataTypeParameters>
<autoIncrementCycle>false</autoIncrementCycle>
</Column>
<Column name="PRECIO" id="EB9E0C7B-50CE-3017-84F9-6F8999EC7116">
<sourceDDLFile>mer jcn.sql</sourceDDLFile>
<createdBy>dani</createdBy>
<createdTime>2025-04-17 21:04:24 UTC</createdTime>
<ownerDesignName>MER JCN</ownerDesignName>
<importedID>36634911-EC46-2A51-3B4E-E27B0558621F</importedID>
<use>0</use>
<logicalDatatype>LOGDT019</logicalDatatype>
<domain>7BCE8433-A71B-0034-A69F-5FFA2B64E620</domain>
<ownDataTypeParameters>,,</ownDataTypeParameters>
<autoIncrementCycle>false</autoIncrementCycle>
</Column>
<Column name="CATEGORIA_ID" id="7EDB1F43-EA5E-5925-90E8-997BADAF811C">
<sourceDDLFile>mer jcn.sql</sourceDDLFile>
<createdBy>dani</createdBy>
<createdTime>2025-04-17 21:04:24 UTC</createdTime>
<ownerDesignName>MER JCN</ownerDesignName>
<importedID>BA26BEF3-878D-6214-8249-B6F26C26F586</importedID>
<nullsAllowed>true</nullsAllowed>
<use>0</use>
<logicalDatatype>LOGDT019</logicalDatatype>
<domain>A7958579-CD8C-1BEC-A26E-802873BA41A7</domain>
<ownDataTypeParameters>,,</ownDataTypeParameters>
<autoIncrementCycle>false</autoIncrementCycle>
<associations>
<colAssociation fkAssociation="9CB0BF50-5848-B208-F6A9-E62D3CE32D93" referredColumn="A1FC99E1-0D43-3247-BC18-C055F24E7187"/>
</associations>
</Column>
<Column name="PLATAFORMAS" id="5541D72F-24E1-E418-D014-740FDBD5E794">
<sourceDDLFile>mer jcn.sql</sourceDDLFile>
<createdBy>dani</createdBy>
<createdTime>2025-04-17 21:04:24 UTC</createdTime>
<ownerDesignName>MER JCN</ownerDesignName>
<importedID>F251B9C0-4B97-47E1-E74C-61FF059FC415</importedID>
<nullsAllowed>true</nullsAllowed>
<use>0</use>
<logicalDatatype>LOGDT024</logicalDatatype>
<domain>5014054F-DFBD-8A51-A4FB-05B5AC14B23C</domain>
<ownDataTypeParameters>,,</ownDataTypeParameters>
<autoIncrementCycle>false</autoIncrementCycle>
</Column>
<Column name="IMAGEN" id="189EBCEF-6716-2B18-C058-AF0E79C742A5">
<sourceDDLFile>mer jcn.sql</sourceDDLFile>
<createdBy>dani</createdBy>
<createdTime>2025-04-17 21:04:24 UTC</createdTime>
<ownerDesignName>MER JCN</ownerDesignName>
<importedID>3FF6684F-56ED-DCEF-5709-1F3DC1165CD7</importedID>
<nullsAllowed>true</nullsAllowed>
<use>0</use>
<logicalDatatype>LOGDT024</logicalDatatype>
<domain>5014054F-DFBD-8A51-A4FB-05B5AC14B23C</domain>
<ownDataTypeParameters>,,</ownDataTypeParameters>
<autoIncrementCycle>false</autoIncrementCycle>
</Column>
</columns>
<indexes itemClass="oracle.dbtools.crest.model.design.relational.Index">
<ind_PK_UK id="2316DA1A-DDD1-DCB1-AD80-9799342C200C" name="CORE_JUEGO_PK">
<sourceDDLFile>mer jcn.sql</sourceDDLFile>
<createdBy>dani</createdBy>
<createdTime>2025-04-17 21:04:24 UTC</createdTime>
<ownerDesignName>MER JCN</ownerDesignName>
<importedID>B6E7CBCB-C32D-60F1-5BB1-19B994027844</importedID>
<pk>true</pk>
<indexState>Primary Constraint</indexState>
<isSurrogateKey>false</isSurrogateKey>
<indexColumnUsage>
<colUsage columnID="A7566214-2A48-D1A4-0B45-2E5E30927B36"/>
</indexColumnUsage>
</ind_PK_UK>
<ind_PK_UK id="1F2B7A0A-2812-7851-D087-CBFABF31C8B1" name="FK_CATEGORIA">
<createdBy>dani</createdBy>
<createdTime>2025-04-17 21:04:24 UTC</createdTime>
<ownerDesignName>MER JCN</ownerDesignName>
<indexState>Foreign Key</indexState>
<isSurrogateKey>false</isSurrogateKey>
<indexColumnUsage>
<colUsage columnID="7EDB1F43-EA5E-5925-90E8-997BADAF811C"/>
</indexColumnUsage>
</ind_PK_UK>
</indexes>
</Table>
