<?xml version = '1.0' encoding = 'UTF-8'?>
<Table class="oracle.dbtools.crest.model.design.relational.Table" directorySegmentName="seg_0" id="DFF8AC81-8E56-29F6-E8C4-4223F9A827AC" schemaObject="0E3A7E8A-760C-A8BE-F932-7FE8652DBCE8" name="CORE_CONTACTO">
<sourceDDLFile>mer jcn.sql</sourceDDLFile>
<createdBy>dani</createdBy>
<createdTime>2025-04-17 21:04:24 UTC</createdTime>
<ownerDesignName>MER JCN</ownerDesignName>
<importedID>B6D9EA1C-2278-E99D-B9A4-4C2204DE44EE</importedID>
<ordsAlias>core_pedido</ordsAlias>
<allowColumnReorder>false</allowColumnReorder>
<existDependencyGenerateInDDl>true</existDependencyGenerateInDDl>
<parsed>true</parsed>
<columns itemClass="oracle.dbtools.crest.model.design.relational.Column">
<Column name="ID" id="EF84F3C4-3DB3-61C3-82A4-64A5BFD99A2D">
<sourceDDLFile>mer jcn.sql</sourceDDLFile>
<createdBy>dani</createdBy>
<createdTime>2025-04-17 21:04:24 UTC</createdTime>
<ownerDesignName>MER JCN</ownerDesignName>
<importedID>DD445966-CCBE-0C9C-B53E-272D587F8069</importedID>
<useDomainConstraints>false</useDomainConstraints>
<use>1</use>
<logicalDatatype>LOGDT019</logicalDatatype>
<ownDataTypeParameters>,,</ownDataTypeParameters>
<autoIncrementColumn>true</autoIncrementColumn>
<identityColumn>true</identityColumn>
<defaultOntNull>true</defaultOntNull>
<autoIncrementCycle>false</autoIncrementCycle>
<autoIncrementOrder>false</autoIncrementOrder>
</Column>
<Column name="EMAIL" id="504B778C-1B3D-8123-4BC3-681F42C4DEFE">
<sourceDDLFile>mer jcn.sql</sourceDDLFile>
<createdBy>dani</createdBy>
<createdTime>2025-04-17 21:04:24 UTC</createdTime>
<ownerDesignName>MER JCN</ownerDesignName>
<importedID>781517C0-954B-3C88-1A4C-2A1D7A6BC5C8</importedID>
<nullsAllowed>true</nullsAllowed>
<use>0</use>
<logicalDatatype>LOGDT019</logicalDatatype>
<domain>A7958579-CD8C-1BEC-A26E-802873BA41A7</domain>
<ownDataTypeParameters>,,</ownDataTypeParameters>
<autoIncrementCycle>false</autoIncrementCycle>
<associations>
<colAssociation fkAssociation="7B735F10-8D2B-A907-2941-97ACA02BF0F2" referredColumn="5A0D2D4E-24E9-3B2C-E47F-27D078B360EC"/>
</associations>
</Column>
<Column name="NOMBRE" id="2F21DF2A-F827-7C03-1832-3087C505DD60">
<createdBy>dani</createdBy>
<createdTime>2025-05-04 18:55:49 UTC</createdTime>
<ownerDesignName>MER JCN</ownerDesignName>
<nullsAllowed>true</nullsAllowed>
<useDomainConstraints>false</useDomainConstraints>
<use>1</use>
<logicalDatatype>LOGDT024</logicalDatatype>
<dataTypeSize>100</dataTypeSize>
<ownDataTypeParameters>100,,</ownDataTypeParameters>
<autoIncrementCycle>false</autoIncrementCycle>
</Column>
<Column name="MENSAJE" id="2572E881-1D93-D58B-D727-63E3468C62D4">
<createdBy>dani</createdBy>
<createdTime>2025-05-04 18:56:32 UTC</createdTime>
<ownerDesignName>MER JCN</ownerDesignName>
<nullsAllowed>true</nullsAllowed>
<useDomainConstraints>false</useDomainConstraints>
<use>1</use>
<logicalDatatype>LOGDT028</logicalDatatype>
<ownDataTypeParameters>,,</ownDataTypeParameters>
<autoIncrementCycle>false</autoIncrementCycle>
</Column>
<Column name="FECHA_CREACION" id="435505F5-FCAF-2974-962E-9D899D5FE7B1">
<createdBy>dani</createdBy>
<createdTime>2025-05-04 18:56:48 UTC</createdTime>
<ownerDesignName>MER JCN</ownerDesignName>
<nullsAllowed>true</nullsAllowed>
<useDomainConstraints>false</useDomainConstraints>
<use>1</use>
<logicalDatatype>LOGDT015</logicalDatatype>
<ownDataTypeParameters>,,</ownDataTypeParameters>
<autoIncrementCycle>false</autoIncrementCycle>
</Column>
<Column name="LEIDO" id="FF11D576-7BF1-0FA3-6FD1-FFA96D543AF6">
<createdBy>dani</createdBy>
<createdTime>2025-05-04 18:57:06 UTC</createdTime>
<ownerDesignName>MER JCN</ownerDesignName>
<useDomainConstraints>false</useDomainConstraints>
<use>1</use>
<logicalDatatype>LOGDT019</logicalDatatype>
<dataTypePrecision>1</dataTypePrecision>
<ownDataTypeParameters>,1,</ownDataTypeParameters>
<autoIncrementCycle>false</autoIncrementCycle>
</Column>
</columns>
<indexes itemClass="oracle.dbtools.crest.model.design.relational.Index">
<ind_PK_UK id="2289E1EF-6C9C-58FD-74E6-4C3C21F2FF3B" name="CORE_CONTACTO_PK">
<sourceDDLFile>mer jcn.sql</sourceDDLFile>
<createdBy>dani</createdBy>
<createdTime>2025-04-17 21:04:24 UTC</createdTime>
<ownerDesignName>MER JCN</ownerDesignName>
<importedID>2FF668D4-8D64-AD8F-731A-CC24A8EF09AA</importedID>
<pk>true</pk>
<indexState>Primary Constraint</indexState>
<isSurrogateKey>false</isSurrogateKey>
<indexColumnUsage>
<colUsage columnID="EF84F3C4-3DB3-61C3-82A4-64A5BFD99A2D"/>
</indexColumnUsage>
</ind_PK_UK>
<ind_PK_UK id="73CB7660-618B-7E49-8E68-11006BBD162A" name="FK_USUARIO_CONTACTO">
<createdBy>dani</createdBy>
<createdTime>2025-04-17 21:04:24 UTC</createdTime>
<ownerDesignName>MER JCN</ownerDesignName>
<indexState>Foreign Key</indexState>
<isSurrogateKey>false</isSurrogateKey>
<indexColumnUsage>
<colUsage columnID="504B778C-1B3D-8123-4BC3-681F42C4DEFE"/>
</indexColumnUsage>
</ind_PK_UK>
</indexes>
</Table>
