<?xml version = '1.0' encoding = 'UTF-8'?>
<TableProxyOraclev20c class="oracle.dbtools.crest.model.design.storage.oracle.v20c.TableProxyOraclev20c" name="CORE_CONTACTO" directorySegmentName="seg_0" id="DFF8AC81-8E56-29F6-E8C4-4223F9A827AC">
<createdBy>dani</createdBy>
<createdTime>2025-04-17 21:04:24 UTC</createdTime>
<ownerDesignName>MER JCN</ownerDesignName>
<schemaObject>0E3A7E8A-760C-A8BE-F932-7FE8652DBCE8</schemaObject>
<logging>YES</logging>
<partitionedRowMovement>DISABLE</partitionedRowMovement>
<segment>01BF3710-54BD-2E6C-1D7B-63A61C4130CD</segment>
<tableSpace>801D9852-28F6-B4AC-E8F4-2BC59D47BD31</tableSpace>
<temporaryChanged>false</temporaryChanged>
<accessDriverType>oracle_loader</accessDriverType>
<rejectLimit></rejectLimit>
<columnProxies itemClass="oracle.dbtools.crest.model.design.storage.oracle.v12c.ColumnProxyOraclev12c">
<ColumnProxy name="MENSAJE" id="2572E881-1D93-D58B-D727-63E3468C62D4">
<createdBy>dani</createdBy>
<createdTime>2025-05-04 18:56:32 UTC</createdTime>
<ownerDesignName>MER JCN</ownerDesignName>
</ColumnProxy>
<ColumnProxy name="NOMBRE" id="2F21DF2A-F827-7C03-1832-3087C505DD60">
<createdBy>dani</createdBy>
<createdTime>2025-05-04 18:55:49 UTC</createdTime>
<ownerDesignName>MER JCN</ownerDesignName>
</ColumnProxy>
<ColumnProxy name="FECHA_CREACION" id="435505F5-FCAF-2974-962E-9D899D5FE7B1">
<createdBy>dani</createdBy>
<createdTime>2025-05-04 18:56:48 UTC</createdTime>
<ownerDesignName>MER JCN</ownerDesignName>
</ColumnProxy>
<ColumnProxy name="EMAIL" id="504B778C-1B3D-8123-4BC3-681F42C4DEFE">
<createdBy>dani</createdBy>
<createdTime>2025-04-17 21:04:24 UTC</createdTime>
<ownerDesignName>MER JCN</ownerDesignName>
</ColumnProxy>
<ColumnProxy name="ID" id="EF84F3C4-3DB3-61C3-82A4-64A5BFD99A2D">
<createdBy>dani</createdBy>
<createdTime>2025-04-17 21:04:24 UTC</createdTime>
<ownerDesignName>MER JCN</ownerDesignName>
<autoIncrementDDL>IDENTITY_CLAUSE</autoIncrementDDL>
</ColumnProxy>
<ColumnProxy name="LEIDO" id="FF11D576-7BF1-0FA3-6FD1-FFA96D543AF6">
<createdBy>dani</createdBy>
<createdTime>2025-05-04 18:57:06 UTC</createdTime>
<ownerDesignName>MER JCN</ownerDesignName>
</ColumnProxy>
</columnProxies>
<foreignKeys>
<ForeignKey class="oracle.dbtools.crest.model.design.storage.oracle.v10g.FKProxyOraclev10g" name="FK_USUARIO_CONTACTO" id="73CB7660-618B-7E49-8E68-11006BBD162A">
<createdBy>dani</createdBy>
<createdTime>2025-04-17 21:04:24 UTC</createdTime>
<ownerDesignName>MER JCN</ownerDesignName>
</ForeignKey>
</foreignKeys>
<primaryKeys>
<PrimaryKey class="oracle.dbtools.crest.model.design.storage.oracle.v10g.PKProxyOraclev10g" name="CORE_CONTACTO_PK" id="2289E1EF-6C9C-58FD-74E6-4C3C21F2FF3B">
<createdBy>dani</createdBy>
<createdTime>2025-04-17 21:04:24 UTC</createdTime>
<ownerDesignName>MER JCN</ownerDesignName>
<logging></logging>
<segment>9523DDBD-1A38-6625-5C34-486D7ABA92ED</segment>
<tableSpace>801D9852-28F6-B4AC-E8F4-2BC59D47BD31</tableSpace>
<indexSegment>9523DDBD-1A38-6625-5C34-486D7ABA92ED</indexSegment>
<indexSort>SORTED</indexSort>
<usingIndex>BY INDEX NAME</usingIndex>
</PrimaryKey>
</primaryKeys>
</TableProxyOraclev20c>
