<?xml version = '1.0' encoding = 'UTF-8'?>
<relationalModel class="oracle.dbtools.crest.model.design.relational.RelationalDesign" name="Relational_1" id="DE3076B9-1225-D564-7BEF-BD49F1029EE1" mainViewID="00FE9F72-2355-C9B8-CAF2-857682FA5F8B">
<createdBy>dani</createdBy>
<createdTime>2024-09-24 12:36:49 UTC</createdTime>
<ownerDesignName>MR_Daniel_Alarcón_S8</ownerDesignName>
<shouldBeOpen>true</shouldBeOpen>
<selectedRDBMSSite>01F6E6D1-21D0-CFBD-ABDD-3988D1813575</selectedRDBMSSite>
<importDDLFileStamps>
<importDDLFileStamp class="oracle.dbtools.crest.imports.DDLFileStamp">
<fileName>mer jcn.sql</fileName>
<pathName>/Users/dani/Desktop/Base de datos</pathName>
<dbType>17</dbType>
</importDDLFileStamp>
</importDDLFileStamps>
</relationalModel>
