<?xml version = '1.0' encoding = 'UTF-8'?>
<FKIndexAssociation class="oracle.dbtools.crest.model.design.relational.FKIndexAssociation" directorySegmentName="seg_0" id="562C0AAC-FFA7-845B-AF7A-3B7F1DED472C" containerWithKeyObject="A3074872-A402-1066-5F00-F5632F805728" localFKIndex="D4364372-1B63-5676-9D68-CB16343568D9" name="FK_USUARIO_COMENTARIO">
<sourceDDLFile>mer jcn.sql</sourceDDLFile>
<createdBy>dani</createdBy>
<createdTime>2025-04-17 21:04:24 UTC</createdTime>
<ownerDesignName>MER JCN</ownerDesignName>
<importedID>BA83E266-C8B3-309C-9C80-2CDA9A5EB4A1</importedID>
<referredTableLongName>ADMIN_JCN2.CORE_USUARIO</referredTableLongName>
<deleteRule>CASCADE</deleteRule>
<referredTableID>BAB287DE-69FC-D57A-A7AF-20B0D2D9CE2C</referredTableID>
<keyObject>67FB48F8-F11A-484E-50C0-EABB4AAC82B0</keyObject>
<referredKeyID>67FB48F8-F11A-484E-50C0-EABB4AAC82B0</referredKeyID>
<mandatory>false</mandatory>
<refColNames>ID</refColNames>
<transferable>true</transferable>
<rely>false</rely>
<columnDependencyConstraintGenerateInDDL>true</columnDependencyConstraintGenerateInDDL>
</FKIndexAssociation>
