<?xml version = '1.0' encoding = 'UTF-8'?>
<FKIndexAssociation class="oracle.dbtools.crest.model.design.relational.FKIndexAssociation" directorySegmentName="seg_0" id="9CB0BF50-5848-B208-F6A9-E62D3CE32D93" containerWithKeyObject="38551AB8-BB1B-047E-3428-372C9502F6BB" localFKIndex="1F2B7A0A-2812-7851-D087-CBFABF31C8B1" name="FK_CATEGORIA">
<sourceDDLFile>mer jcn.sql</sourceDDLFile>
<createdBy>dani</createdBy>
<createdTime>2025-04-17 21:04:24 UTC</createdTime>
<ownerDesignName>MER JCN</ownerDesignName>
<importedID>E888FF45-2753-63ED-E779-2DCA63681CB6</importedID>
<referredTableLongName>ADMIN_JCN2.CORE_CATEGORIA</referredTableLongName>
<deleteRule>CASCADE</deleteRule>
<referredTableID>BA1D9E77-A65D-C0F3-D2B5-6114E2232B6F</referredTableID>
<keyObject>F513CC36-131E-F73F-31E6-C7B33019DE61</keyObject>
<referredKeyID>F513CC36-131E-F73F-31E6-C7B33019DE61</referredKeyID>
<mandatory>false</mandatory>
<refColNames>ID</refColNames>
<transferable>true</transferable>
<rely>false</rely>
<columnDependencyConstraintGenerateInDDL>true</columnDependencyConstraintGenerateInDDL>
</FKIndexAssociation>
